GeoUID,geometry
4620149.0,POINT (2996.51287323188 50434.034052492)
4620185.0,POINT (2990.7748397292 50463.105394204504)
4620222.0,POINT (2943.5066829803704 50431.69733830271)
4620117.0,POINT (2944.87049501695 50396.0487185065)
4620124.0,POINT (2949.4055525540603 50410.8121044663)
4620306.0,POINT (2997.39373125017 50352.4807121)
4620305.0,POINT (2996.52703249684 50356.712465358)
4620033.0,POINT (3004.4400614986 50441.1834675856)
4620410.01,POINT (2906.7577894729498 50427.1495336971)
4620274.0,POINT (2936.04781863502 50482.222801537006)
4620236.0,POINT (2949.10577035253 50448.9512743515)
4620611.02,POINT (2949.95385465798 50513.8930853425)
4620217.0,POINT (2963.1327797529 50436.490422855)
4620166.0,POINT (2959.59593201502 50431.3117106457)
4620013.0,POINT (3013.20125826205 50479.1605640212)
4620042.0,POINT (3006.83285282316 50422.7361847692)
4620119.0,POINT (2937.45785555923 50400.8091312113)
4620121.0,POINT (2941.0049844495497 50412.005845923304)
4620057.0,POINT (3001.52531946227 50410.8472445204)
4620058.0,POINT (3002.5387187597803 50412.691726802404)
4620242.0,POINT (2963.81578373169 50455.6069009611)
4620095.0,POINT (2965.37651485471 50371.683900995304)
4620096.0,POINT (2960.39180192654 50367.7497879481)
4620122.0,POINT (2944.27074444125 50406.8171029899)
4620245.0,POINT (2957.5591035916 50448.5749039591)
4620102.0,POINT (2944.06917968932 50371.005080545394)
4620103.0,POINT (2951.34608028209 50366.359848633605)
4620104.0,POINT (2954.9938162029803 50370.398916917504)
4620106.0,POINT (2954.79443075866 50374.4881224753)
4620005.0,POINT (3037.42313034381 50509.9956896817)
4620006.0,POINT (3038.04521020485 50503.259733830506)
4620001.0,POINT (3038.65435257689 50518.812440310205)
4620002.0,POINT (3034.8350053110203 50518.9986198296)
4620003.0,POINT (3029.9823135411402 50520.6030604654)
4620007.0,POINT (3026.36184891342 50506.2854898653)
4620019.0,POINT (3020.8161049119303 50455.2260630612)
4620021.0,POINT (3020.6202686014703 50450.20433954341)
4620022.0,POINT (3017.95467610287 50446.1598120252)
4620023.0,POINT (3015.5627944511 50441.84660520041)
4620008.0,POINT (3036.91549803412 50498.6139864467)
4620009.0,POINT (3031.44007818928 50482.752720795004)
4620010.0,POINT (3023.0525692 50483.511222249996)
4620011.0,POINT (3021.55714317217 50496.537296593895)
4620123.0,POINT (2948.8467847553698 50403.612774979905)
4620016.0,POINT (3027.05102548885 50462.7438072511)
4620017.0,POINT (3022.69119071137 50460.0373061611)
4620018.0,POINT (3021.9806293150605 50457.8208406345)
4620168.0,POINT (2970.4229757488797 50424.4744876369)
4620351.0,POINT (2976.3038015531497 50384.20837210151)
4620366.0,POINT (2958.3415430902005 50419.516120723005)
4620114.0,POINT (2952.11043587962 50383.9936911112)
4620118.0,POINT (2941.8717564284702 50397.959924415205)
4620113.0,POINT (2945.44062442339 50386.9155057179)
4620367.0,POINT (2953.87550412962 50421.344302882004)
4620116.0,POINT (2949.37204915273 50393.137542636)
4620126.0,POINT (2957.98464179019 50405.675705083704)
4620059.0,POINT (2996.4544658872 50415.321399217304)
4620060.0,POINT (2998.15127602375 50413.8120934885)
4620128.0,POINT (2977.1247915294402 50404.0117475391)
4620050.0,POINT (2998.02789567833 50424.3910439654)
4620056.0,POINT (3000.0489802 50407.132973499996)
4620062.0,POINT (2994.50675564816 50402.9236955456)
4620063.0,POINT (2991.3025749271997 50395.96540706501)
4620064.0,POINT (2987.6313541547197 50398.311304165305)
4620163.0,POINT (2977.24062397849 50421.5664965081)
4620164.0,POINT (2975.5359209463404 50419.4018448365)
4620165.0,POINT (2967.50834137859 50425.2163417786)
4620037.0,POINT (3009.1776735592803 50436.2592807013)
4620038.0,POINT (3008.51351717461 50432.249220260106)
4620039.0,POINT (3012.15637668007 50430.439860471895)
4620041.0,POINT (3009.34144557637 50425.3969420913)
4620043.0,POINT (3008.98234886022 50419.8145325747)
4620044.0,POINT (3001.65646044037 50422.0727136327)
4620045.0,POINT (3004.7615352897005 50424.1088130238)
4620046.0,POINT (3002.3496797805 50426.098795778904)
4620047.0,POINT (3004.03262292884 50428.9976428381)
4620048.0,POINT (3000.3862456360803 50431.4289754084)
4620049.0,POINT (2999.33516 50427.92241000001)
4620207.0,POINT (2970.93969503432 50451.53882827941)
4620067.0,POINT (2987.01732576111 50385.2670443957)
4620068.0,POINT (2990.46282803825 50388.8679984305)
4620071.0,POINT (3007.4018989605497 50387.8218500237)
4620077.0,POINT (2994.3372820693203 50386.2809089435)
4620072.0,POINT (3008.96600283153 50377.713139676096)
4620073.0,POINT (3000.6325118755503 50383.8154227091)
4620074.0,POINT (2998.64924504239 50373.78667512871)
4620075.0,POINT (2996.3921000588703 50376.6509754881)
4620076.0,POINT (2994.32751879335 50378.848584832)
4620079.0,POINT (2984.35407981401 50375.535765084)
4620080.0,POINT (2983.71366037865 50381.535427535506)
4620139.0,POINT (2983.67834634601 50423.456936852905)
4620140.0,POINT (2985.6894303209006 50428.559676078105)
4620141.0,POINT (2987.5660646623905 50427.3653718863)
4620142.0,POINT (2989.07077317404 50425.6795877116)
4620143.0,POINT (2992.55824606629 50422.1749136879)
4620084.0,POINT (2974.87776172022 50365.34333478931)
4620085.0,POINT (2985.18482285232 50365.89383704041)
4620086.0,POINT (2981.8520354626103 50354.735487120495)
4620087.0,POINT (2975.7029995133303 50358.3893932579)
4620352.0,POINT (2970.45723916504 50376.243063462796)
4620353.0,POINT (2966.78529231949 50379.1656125475)
4620354.0,POINT (2964.61728051347 50383.888842666594)
4620355.0,POINT (2973.98481691012 50388.812298944395)
4620356.0,POINT (2963.13706280166 50389.1170776376)
4620360.0,POINT (2969.561043 50411.932969500005)
4620361.0,POINT (2957.4121385686003 50410.0812837844)
4620362.0,POINT (2962.14862262883 50417.0745944719)
4620363.0,POINT (2969.23657659355 50421.0588569053)
4620364.0,POINT (2960.39846265 50427.5837835)
4620365.0,POINT (2958.8024618683403 50424.8635030097)
4620209.0,POINT (2971.5652251423403 50446.644339689905)
4620210.0,POINT (2974.0999498553597 50439.354186396806)
4620211.0,POINT (2970.47908459572 50442.2301342631)
4620212.0,POINT (2967.89121854888 50443.875949472196)
4620213.0,POINT (2965.18756814817 50445.59243024821)
4620214.0,POINT (2962.7259094936803 50441.22295941671)
4620216.0,POINT (2967.22815204398 50434.4571801132)
4620219.0,POINT (2958.5060707736598 50434.9034992902)
4620220.0,POINT (2952.0096274284 50432.5723062006)
4620221.0,POINT (2949.99039657985 50428.914064482495)
4620239.0,POINT (2950.42920071684 50453.8415985287)
4620240.0,POINT (2953.9501725611103 50457.5264734696)
4620241.0,POINT (2957.22565295447 50459.772162958405)
4620247.0,POINT (2962.47226305514 50447.3081031016)
4620265.0,POINT (2935.2308484048403 50456.013403863006)
4620266.0,POINT (2933.6288251017804 50451.3882797387)
4620267.0,POINT (2929.7113268644703 50444.7540084699)
4620269.0,POINT (2920.46858047631 50447.8883185878)
4620271.0,POINT (2927.49986593952 50464.471834944496)
4620272.0,POINT (2930.10437697515 50470.870815287206)
4620273.0,POINT (2933.18622397153 50477.3597917872)
4620275.0,POINT (2929.65886389668 50488.062026680804)
4620276.0,POINT (2925.1280809728105 50482.403336235206)
4620277.0,POINT (2923.9555387141004 50474.1541837185)
4620370.0,POINT (2934.20753396924 50378.994042784805)
4620249.0,POINT (2963.81993936827 50459.833917199)
4620250.0,POINT (2965.95349954369 50463.11563772301)
4620252.0,POINT (2974.31910210796 50469.053371020396)
4620253.0,POINT (2968.43230583691 50472.721730136705)
4620254.0,POINT (2973.4053424072104 50475.229086862404)
4620256.0,POINT (2955.6409808999997 50470.48473725001)
4620257.0,POINT (2961.4071672000005 50478.1822655)
4620259.0,POINT (2952.82748005731 50491.3208736615)
4620260.0,POINT (2946.15020986526 50486.3238358326)
4620261.0,POINT (2950.84729 50483.46706)
4620262.0,POINT (2946.1094130493398 50475.8884803711)
4620263.0,POINT (2940.2848253362 50476.88175430331)
4620167.0,POINT (2965.0507098777803 50429.7259394923)
4620171.0,POINT (2973.8381947417597 50429.5907395668)
4620172.0,POINT (2976.9797671156703 50432.341643480504)
4620173.0,POINT (2978.63137753422 50434.5309131367)
4620174.0,POINT (2980.27413666065 50437.1622021157)
4620175.0,POINT (2981.47442957996 50438.8827961071)
4620176.0,POINT (2982.82939289133 50440.088142396606)
4620177.0,POINT (2983.81893800624 50441.7132540672)
4620179.0,POINT (2981.5923511739697 50446.6961118514)
4620180.0,POINT (2984.57409245 50451.196601999996)
4620181.0,POINT (2990.35603825391 50450.3485319002)
4620182.0,POINT (2985.83268979884 50453.665233313804)
4620183.0,POINT (2986.77422866616 50455.4507180598)
4620184.0,POINT (2988.0622750737098 50457.9682604489)
4620186.0,POINT (2993.4288131076 50458.394908631504)
4620189.0,POINT (2999.3566049657097 50469.121655183)
4620191.0,POINT (3010.46378331114 50494.776545636894)
4620192.0,POINT (3017.16155442036 50508.8403446356)
4620193.0,POINT (3020.8239969842 50516.551306217305)
4620194.0,POINT (3020.52039145872 50523.2143238421)
4620196.0,POINT (2995.22371554334 50480.1829955808)
4620197.0,POINT (2990.03888209489 50482.7841001704)
4620198.0,POINT (2988.6352918668804 50476.48228035241)
4620199.0,POINT (2989.31121822659 50470.5978742712)
4620201.0,POINT (2983.13573964569 50466.8409660595)
4620202.0,POINT (2979.46110148207 50460.7858960705)
4620203.0,POINT (2974.87530353239 50457.7718560812)
4620204.0,POINT (2980.0462636151397 50455.3958466308)
4620205.0,POINT (2977.64512924879 50451.6574520009)
4620350.0,POINT (2979.36677981615 50380.5379817485)
4620380.0,POINT (2928.06252540611 50369.694446890404)
4620381.0,POINT (2921.9454374949 50355.6149771087)
4620304.0,POINT (2988.62827813443 50357.21711171311)
4620385.0,POINT (2942.68568290142 50379.70764337981)
4620307.0,POINT (2993.46121521794 50352.0809304835)
4620390.0,POINT (2920.1571761918103 50328.96859492081)
4620391.0,POINT (2911.36975482416 50326.025611948506)
4620303.0,POINT (2988.11044640701 50361.3777489294)
4620392.0,POINT (2904.9836581465897 50325.9630525622)
4620393.0,POINT (2908.72882892894 50334.2680182454)
4620394.0,POINT (2919.65033097713 50337.821159017)
4620396.0,POINT (2886.84274170224 50331.719978409106)
4620397.0,POINT (2884.31282690438 50339.664275228)
4620400.0,POINT (2944.50124500442 50422.777593153)
4620401.0,POINT (2935.11064066868 50411.0295394674)
4620288.0,POINT (2855.52498846245 50417.2950691794)
4620300.0,POINT (2999.09314589476 50363.2876682325)
4620301.0,POINT (2994.40659311621 50367.7071492729)
4620302.0,POINT (2993.62772504201 50361.2358018825)
4620278.0,POINT (2920.07866018001 50467.57413137169)
4620279.0,POINT (2916.3125195626003 50460.5105467584)
4620280.0,POINT (2914.55996069532 50449.7755323)
4620281.0,POINT (2907.3074759935503 50451.6498638165)
4620310.0,POINT (2984.74861845155 50345.774467074)
4620282.0,POINT (2899.5787482526202 50446.349276936)
4620284.0,POINT (2889.1672870738003 50445.1444980359)
4620311.0,POINT (2992.8148452950004 50347.8951090147)
4620285.0,POINT (2883.15727091405 50437.1522496311)
4620286.0,POINT (2891.9246595342997 50432.809750336906)
4620308.0,POINT (2990.07418334816 50352.297488784905)
4620309.0,POINT (2986.68222189998 50352.5166233324)
4620312.0,POINT (2991.70830263107 50343.7898931477)
4620313.0,POINT (2986.50109513803 50341.3483446578)
4620314.0,POINT (2983.6768832766397 50339.791723713504)
4620315.0,POINT (2980.6678645999996 50333.41769575)
4620316.0,POINT (2978.2141186868803 50331.6441798222)
4620320.0,POINT (2974.80631844896 50326.5241519712)
4620321.0,POINT (2971.07697633278 50322.059140976606)
4620402.0,POINT (2916.25582291643 50394.234109266)
4620403.0,POINT (2927.7432201 50413.720842)
4620404.0,POINT (2934.45825324437 50426.1862272698)
4620412.0,POINT (2908.87966553756 50404.40070569391)
4620323.0,POINT (2950.6202631 50309.39837050001)
4620327.0,POINT (2931.55921 50315.909419999996)
4620329.0,POINT (2922.82502571313 50322.0293857501)
4620330.0,POINT (2929.06691439918 50342.17564369721)
4620340.0,POINT (2931.14490671091 50347.9284542928)
4620480.0,POINT (2723.34052594985 50309.5004401165)
4620490.0,POINT (2695.63750183808 50296.62997074491)
4620491.0,POINT (2711.47432836461 50321.0469789852)
4620530.0,POINT (2808.53271713945 50407.027346029405)
4620500.0,POINT (2691.94375433757 50326.1787282882)
4620540.0,POINT (2759.2458949298702 50379.2716350111)
4620523.0,POINT (2792.63695731655 50400.8643383147)
4620420.0,POINT (2901.19910866456 50424.9335588602)
4620451.0,POINT (2815.77061790194 50349.217109830905)
4620430.0,POINT (2867.5818564082 50337.363193250596)
4620452.0,POINT (2791.69707261347 50345.584393715806)
4620431.0,POINT (2851.3288921675303 50337.618950514196)
4620432.0,POINT (2836.71207069632 50339.3505315372)
4620433.0,POINT (2849.25009104143 50362.7202469253)
4620440.0,POINT (2859.18532926964 50325.120357903004)
4620450.0,POINT (2801.63524393332 50332.0465340825)
4620460.0,POINT (2767.80619376492 50320.9225115644)
4620461.0,POINT (2744.0806799093402 50312.8849501385)
4620612.0,POINT (2946.9935432145 50500.722767648105)
4620618.0,POINT (2938.55493103503 50513.4102245651)
4620570.0,POINT (3025.77941985682 50543.799393326604)
4620584.0,POINT (3046.01497287154 50553.4843549982)
4620583.0,POINT (3047.6386944900205 50559.7517595356)
4620613.0,POINT (2940.61577602961 50491.245075832296)
4620614.0,POINT (2933.7644989628798 50494.7758171396)
4620615.0,POINT (2938.06675590592 50500.2977944375)
4620616.0,POINT (2942.2327042763304 50507.509843118496)
4620592.0,POINT (3002.8870763281197 50518.8736945701)
4620511.01,POINT (2823.43905467119 50410.70067622571)
4620511.02,POINT (2836.60251390641 50404.670238873)
4620619.0,POINT (2931.4405076700896 50500.1400026534)
4620100.01,POINT (2940.4955051547704 50365.880688207)
4620593.01,POINT (3001.36907 50511.27699)
4620593.02,POINT (3007.1098872074003 50504.4190473299)
4620325.05,POINT (2958.4004940449 50334.811777462106)
4620325.06,POINT (2962.9850896024905 50327.8591812477)
4620415.05,POINT (2858.8010596270597 50396.0117736166)
4620100.02,POINT (2937.03782303107 50360.3832274803)
4620291.03,POINT (3022.8880133643 50592.6774313672)
4620413.02,POINT (2901.7403850234605 50396.422652836794)
4620187.03,POINT (2999.36061701052 50457.312832565105)
4620291.04,POINT (3010.72018878518 50573.9659347694)
4620413.01,POINT (2897.87382821691 50401.2095666378)
4620187.04,POINT (2996.78647556605 50450.0194010623)
4620603.02,POINT (2970.4147349729096 50485.6639921302)
4620610.01,POINT (2961.77158977752 50522.277414759694)
4620610.02,POINT (2955.11789383026 50523.070041323605)
4620610.04,POINT (2953.47466745098 50533.871506754505)
4620611.01,POINT (2952.6975304185503 50509.0625168677)
4620617.01,POINT (2947.3817668761203 50523.8634747632)
4620617.02,POINT (2943.45942680519 50519.2766454895)
4620012.02,POINT (3018.09481871219 50485.9286396473)
4620097.01,POINT (2953.0067727681 50362.157368717606)
4620097.02,POINT (2943.2961396513197 50354.8045183686)
4620283.01,POINT (2901.08013834163 50437.379937469996)
4620591.02,POINT (3008.98738875973 50515.5260139283)
4620603.01,POINT (2972.7551999452503 50492.611611179804)
4620283.02,POINT (2895.5180775376703 50441.2855598215)
4620590.01,POINT (3011.40497205 50530.265631)
4620590.02,POINT (3008.8871138831896 50523.3859325986)
4620591.01,POINT (3014.02607204832 50514.004875646104)
4620512.02,POINT (2773.89347662514 50405.95961946691)
4620325.02,POINT (2952.52766323365 50320.9049841999)
4620325.03,POINT (2951.89322605 50326.31950400001)
4620326.01,POINT (2953.64663808137 50342.0611307232)
4620326.02,POINT (2935.1489571617103 50326.1906367578)
4620514.01,POINT (2769.5780044747403 50380.944729065595)
4620514.02,POINT (2761.51019328189 50367.8790770222)
4620521.01,POINT (2786.36406809572 50376.9178084033)
4620582.01,POINT (3049.34502383378 50571.291388667305)
4620582.02,POINT (3047.9802852244097 50564.6455316524)
4620600.01,POINT (2992.3261012052403 50501.3150533946)
4620600.02,POINT (2992.6337479667304 50494.2990119222)
4620600.03,POINT (2984.81593857339 50496.2921452206)
4620604.02,POINT (2957.94059175383 50491.173012833504)
4620328.0,POINT (2928.9255341 50325.69074325)
4620605.01,POINT (2982.91536395374 50506.509392566004)
4620605.02,POINT (2971.54949184556 50503.8721733101)
4620322.02,POINT (2958.1708247441297 50311.787111142)
4620325.01,POINT (2943.5013037000003 50319.617056999996)
4620395.01,POINT (2891.5209065898503 50352.5614626483)
4620395.02,POINT (2900.0839037371 50335.655083618396)
4620395.03,POINT (2894.4337033 50337.46338000001)
4620195.02,POINT (2999.60305260537 50493.4877782557)
4620223.01,POINT (2934.4199014090004 50435.3598755278)
4620223.02,POINT (2938.65015224328 50433.7141741646)
4620065.01,POINT (2984.66204035528 50393.634512751)
4620065.02,POINT (2981.36415608919 50390.230522631)
4620066.01,POINT (2987.94898718344 50391.2743971437)
4620066.02,POINT (2984.77839045967 50388.08291589271)
4620251.01,POINT (2967.4053020014103 50465.571881369804)
4620251.02,POINT (2968.9822039874302 50468.272278810604)
4620290.01,POINT (2976.81355764853 50538.248456168905)
4620382.01,POINT (2922.54934569082 50367.828560325004)
4620290.02,POINT (2987.65567090197 50549.561491713495)
4620324.01,POINT (2940.3403867168104 50309.1608660304)
4620324.02,POINT (2944.34389325488 50315.4108568411)
4620382.02,POINT (2913.0263374729298 50355.3314898548)
4620462.01,POINT (2773.4411688274 50332.9357301337)
4620462.02,POINT (2749.2880807648303 50326.9106585852)
4620470.01,POINT (2768.78995890974 50341.9970908412)
4620601.01,POINT (2987.77691566957 50490.20650969561)
4620601.02,POINT (2982.8414650730497 50481.6299433819)
4620602.01,POINT (2980.35768025 50488.090621999996)
4620602.02,POINT (2977.35388995 50481.083045499996)
4620603.03,POINT (2966.9405379435602 50489.7959028666)
4620604.03,POINT (2964.06482022219 50495.1916659955)
4620604.04,POINT (2954.7346069 50496.511035)
4620605.03,POINT (2975.34517262538 50511.8369332298)
4620605.04,POINT (2965.9451125873397 50514.6126726243)
4620070.01,POINT (3003.85799449754 50397.7208729074)
4620069.02,POINT (2999.3544507 50389.9334145)
4620070.02,POINT (3001.68760384753 50394.2789815773)
4620069.01,POINT (2996.5126115147 50394.813799318)
4620287.01,POINT (2877.11420351989 50432.9046557413)
4620287.02,POINT (2869.40866014152 50429.228802703496)
4620290.04,POINT (2994.32256069995 50565.4414526469)
4620326.03,POINT (2942.43377038504 50331.0412172087)
4620594.01,POINT (2992.25507849833 50513.6100379045)
4620383.01,POINT (2910.73979683045 50363.4254438808)
4620383.02,POINT (2916.8878922955205 50376.3714960142)
4620410.02,POINT (2911.08945 50421.67471)
4620522.01,POINT (2780.38666369107 50366.8088922473)
4620594.02,POINT (2989.9150074 50529.68473775)
4620610.07,POINT (2954.2580658422703 50538.2272399169)
4620522.02,POINT (2776.4103396383803 50374.734101689595)
4620101.01,POINT (2931.61670958452 50362.9457869377)
4620101.02,POINT (2935.6125480396 50368.5874734179)
4620129.01,POINT (2982.80478925814 50399.45899915649)
4620195.03,POINT (3000.41230701066 50501.148772269196)
4620290.08,POINT (2978.5345498710103 50562.3793786526)
4620581.01,POINT (3051.2546176759897 50580.5627409337)
4620581.02,POINT (3045.0564036735004 50582.8408578243)
4620290.09,POINT (2970.90031512475 50551.0961352273)
4620580.01,POINT (3051.4361734 50596.182515249995)
4620014.01,POINT (3013.78516165924 50464.1005461857)
4620112.02,POINT (2940.16812708526 50390.2046606541)
4620580.02,POINT (3052.65016370249 50611.8371068885)
4620055.01,POINT (3005.7999711280004 50408.334544044694)
4620094.02,POINT (2959.79657397709 50355.3484171401)
4620014.02,POINT (3009.98176231438 50470.571259144395)
4620112.01,POINT (2934.24718304984 50394.005441571804)
4620055.02,POINT (3013.1867986220805 50398.286587922)
4620190.02,POINT (3002.63083028555 50479.9323024186)
4620290.05,POINT (2964.13565424441 50539.325574738104)
4620187.01,POINT (3002.22748759968 50450.2915012115)
4620127.01,POINT (2953.36926064138 50399.48125245311)
4620127.02,POINT (2968.4113584626098 50398.2321629042)
4620521.05,POINT (2783.4740241561103 50387.4361660527)
4620264.02,POINT (2945.21584051777 50460.223435526605)
4620264.01,POINT (2936.43685719318 50463.98938310541)
4620585.01,POINT (3044.5877108 50607.247909000005)
4620585.02,POINT (3032.33531663078 50571.7033304765)
4620268.02,POINT (2913.11499145 50437.653152750005)
4620268.01,POINT (2912.9908886765297 50441.943390630906)
4620268.03,POINT (2925.64486767167 50437.0639249116)
4620120.01,POINT (2923.1120011870303 50390.6456400871)
4620120.02,POINT (2929.03135821781 50387.613850892805)
4620470.03,POINT (2741.95007892871 50338.292230500505)
4620453.01,POINT (2805.17942387626 50355.075239581805)
4620513.02,POINT (2781.36542216389 50396.1323601979)
4620515.01,POINT (2722.37748 50355.19419)
4620520.04,POINT (2819.0858483714696 50387.1203301687)
4620453.02,POINT (2803.8967220532104 50367.68264989331)
4620410.03,POINT (2922.07486075069 50422.3038972421)
4620417.01,POINT (2891.2713600572297 50425.386136824)
4620513.01,POINT (2788.93031775522 50404.498083022896)
4620580.03,POINT (3058.8566142632103 50614.5368070601)
4620515.02,POINT (2745.21392044684 50355.8117982306)
4620515.03,POINT (2755.2045748 50356.899795749996)
4620515.04,POINT (2749.61514135613 50361.5076939277)
4620520.03,POINT (2827.975249 50394.1091975)
4620512.03,POINT (2790.07075509129 50416.1649229371)
4620512.04,POINT (2786.1493591867998 50410.88928775991)
4620322.03,POINT (2967.18418417033 50318.0542605811)
4620470.04,POINT (2758.30583304805 50347.6043006662)
4620470.05,POINT (2770.76916336131 50356.717536493205)
4620421.02,POINT (2912.91726645265 50431.1260143614)
4620291.01,POINT (2999.3439439886 50575.27152572571)
4620421.01,POINT (2910.3331218904 50433.8442541271)
4620521.04,POINT (2796.95114308747 50395.7000094281)
4620521.06,POINT (2799.9120339123997 50388.8089893665)
4620521.07,POINT (2800.887475991 50377.816809427895)
4620200.0,POINT (2983.7887124050603 50473.0439760222)
4620243.0,POINT (2960.56540585357 50453.9653786023)
4620270.0,POINT (2924.5416600624003 50457.373091698995)
4620027.0,POINT (3011.26096092468 50449.8949715206)
4620105.0,POINT (2948.82961142122 50374.260649843105)
4620012.01,POINT (3016.8269225791105 50489.3605086319)
4620604.05,POINT (2958.44209321962 50502.663097531)
4620610.05,POINT (2957.91646515888 50532.4105031012)
4620099.0,POINT (2944.47390875623 50361.2839263291)
4620610.06,POINT (2960.19533876414 50529.3422675171)
4620078.0,POINT (2989.48771326835 50381.387737019206)
4620144.0,POINT (2993.41623486032 50424.504969131)
4620145.0,POINT (2995.40162 50428.681789999995)
4620146.0,POINT (2989.04390530458 50431.355331723404)
4620147.0,POINT (2990.6997336985505 50433.8317587771)
4620148.0,POINT (2992.37144915129 50436.750767194)
4620150.0,POINT (2998.0540363763403 50437.7067690444)
4620151.0,POINT (2994.0567159025204 50438.8428241688)
4620152.0,POINT (2995.9785113015005 50441.6769574214)
4620153.0,POINT (2997.3446168362098 50443.3691479741)
4620154.0,POINT (2991.7300117231202 50443.651143109)
4620155.0,POINT (2989.97406182036 50441.126534375)
4620156.0,POINT (2988.70439528004 50439.247806804306)
4620157.0,POINT (2986.81578881417 50436.394954315205)
4620158.0,POINT (2985.15436306889 50433.901547721805)
4620159.0,POINT (2983.4955960933703 50431.3870473827)
4620160.0,POINT (2982.01623186571 50429.10278354341)
4620161.0,POINT (2980.83280166858 50425.5045653642)
4620162.0,POINT (2978.8290136929004 50426.5999256465)
4620081.0,POINT (2979.6404237768 50377.3060489042)
4620218.0,POINT (2959.68700496567 50439.004226245204)
4620082.0,POINT (2975.37036902794 50371.9831801877)
4620004.0,POINT (3028.7863872378302 50513.0183032338)
4620024.0,POINT (3012.87026578866 50445.4456525123)
4620025.0,POINT (3015.75827279073 50452.394885282)
4620026.0,POINT (3013.11482706023 50453.966239547095)
4620028.0,POINT (3009.63546442914 50446.273460402095)
4620083.0,POINT (2979.7158967612604 50369.090366411605)
4620224.0,POINT (2941.5646079665303 50436.030329403)
4620195.01,POINT (2994.72948901464 50486.5738109933)
4620088.0,POINT (2975.89163428535 50353.791296217496)
4620089.0,POINT (2978.03629557784 50347.362124340005)
4620090.0,POINT (2971.60789969215 50342.512818051604)
4620029.0,POINT (3008.71935454676 50450.988931638494)
4620030.0,POINT (3007.25536148017 50456.64572305221)
4620031.0,POINT (3004.6788860578604 50448.3819347175)
4620032.0,POINT (3001.95997281364 50441.6142349338)
4620091.0,POINT (2966.8894643000003 50338.734659249996)
4620225.0,POINT (2939.925973023 50441.7545699271)
4620092.0,POINT (2970.27471166649 50347.8214818484)
4620232.0,POINT (2954.20209876909 50439.7014589595)
4620233.0,POINT (2955.5734388532906 50444.7946235656)
4620093.0,POINT (2967.18272006953 50353.632086583704)
4620234.0,POINT (2955.91095683322 50446.8087785568)
4620235.0,POINT (2951.43178216433 50448.00777756591)
4620237.0,POINT (2944.03315063841 50450.257073768706)
4620238.0,POINT (2945.3533562970097 50452.664238175304)
4620169.0,POINT (2970.8788943364902 50425.9290287619)
4620170.0,POINT (2972.0301230783703 50427.096209867195)
4620107.0,POINT (2958.4205643004498 50373.6354983277)
4620178.0,POINT (2986.06328354296 50443.7375128459)
4620108.0,POINT (2958.39326932555 50377.1464054683)
4620226.0,POINT (2941.1824308763203 50447.4905078783)
4620109.0,POINT (2951.50401660998 50381.5430634138)
4620227.0,POINT (2945.02687794721 50445.9107952663)
4620228.0,POINT (2947.45795156661 50444.912339827504)
4620229.0,POINT (2948.8376107524 50441.9334929037)
4620230.0,POINT (2949.8779122784504 50443.9158124812)
4620231.0,POINT (2952.18965343125 50442.9602935183)
4620125.0,POINT (2951.73974249823 50414.2681964337)
4620130.0,POINT (2988.3683722656097 50408.2571723077)
4620131.0,POINT (2989.31280702992 50410.416671066705)
4620132.0,POINT (2990.31144392299 50412.808936837)
4620133.0,POINT (2992.05040923995 50416.805314083)
4620134.0,POINT (2993.00511340153 50419.173943970905)
4620135.0,POINT (2989.0143522458 50422.076371679905)
4620136.0,POINT (2987.3831016170698 50419.5172315982)
4620137.0,POINT (2986.8613784721597 50416.49881086461)
4620138.0,POINT (2982.0173115253 50418.7651467746)
4620206.0,POINT (2972.8666872466797 50454.83449118031)
4620034.0,POINT (3006.84104755959 50439.9682216503)
4620035.0,POINT (3002.9157497248702 50436.836268442006)
4620036.0,POINT (3001.7400826800704 50434.4622236629)
4620244.0,POINT (2959.06896426249 50450.9705372558)
4620258.0,POINT (2963.19297855892 50484.2737097074)
4620290.03,POINT (2968.26359545 50543.867072249996)
4620129.02,POINT (2986.37861533486 50404.300751595)
4620417.02,POINT (2896.4846362132103 50417.7460564052)
4620215.0,POINT (2970.0058874615997 50436.48082460921)
4620110.0,POINT (2948.22526495168 50378.71937645681)
4620051.0,POINT (2998.41762586537 50419.576534526896)
4620052.0,POINT (3000.42277893076 50419.7275414239)
4620053.0,POINT (3002.88671958138 50416.685448178796)
4620054.0,POINT (3005.0867622869005 50415.2525813087)
4620098.0,POINT (2932.22891599085 50355.2414176057)
4620111.0,POINT (2938.45649607307 50384.609630355)
4620015.0,POINT (3020.8726893594903 50465.6086998141)
4620610.03,POINT (2949.527756005 50531.919880843794)
4620115.01,POINT (2954.17398048516 50387.1980338789)
4620605.05,POINT (2977.62719395249 50497.1437766529)
4620094.01,POINT (2954.40740588087 50358.8904265769)
4620190.01,POINT (3006.89549947551 50486.0439169918)
4620416.01,POINT (2872.3499782289 50424.329834764496)
4620416.02,POINT (2875.39107843218 50419.6158710487)
4620418.0,POINT (2908.69191334607 50411.630264901796)
4620419.0,POINT (2899.36309945 50420.334722499996)
4620415.06,POINT (2879.99250162882 50384.8538650974)
4620520.02,POINT (2816.45300001235 50397.7780759242)
4620604.01,POINT (2964.0669743399103 50504.1992956456)
4620115.02,POINT (2958.0708870500002 50392.009546)
4620188.02,POINT (3001.8681580030097 50460.6766331721)
4620290.06,POINT (2978.9477399246 50553.3954333145)
4620290.07,POINT (2986.13235572205 50560.123530277604)
4620415.03,POINT (2890.50282669098 50403.09535069131)
4620415.04,POINT (2895.84340877225 50408.8140217627)
4620322.04,POINT (2964.15120410098 50313.660766081906)
4620061.0,POINT (2994.96469042436 50410.518025253)
4620208.0,POINT (2975.82638165299 50448.6530847897)
4620188.01,POINT (2996.1723355665904 50463.275196892704)
