Y,X,Type,Hoshlds,GeoUID,AP(Cns),ShapeAr,CMA_UID,Popultn,CSD_UID,Dwllngs,PR_UID,CD_UID,ReginNm,Ar(skm),id
5043403.4052492,299651.287323188,CT,1756,4620149.0000000000,3141,0.1381900000,"24462",3161,"2466023",1924,"24","2466",Montr_al,0.1381900000,
5046310.53942045,299077.48397292,CT,2756,4620185.0000000000,5262,0.3931600000,"24462",5217,"2466023",2982,"24","2466",Montr_al,0.3931600000,
5043169.73383027,294350.668298037,CT,1492,4620222.0000000000,3757,0.1989400000,"24462",3587,"2466023",1634,"24","2466",Montr_al,0.1989400000,
5039604.87185065,294487.049501695,CT,1506,4620117.0000000000,4478,0.2704700000,"24462",4359,"2466023",1614,"24","2466",Montr_al,0.2704700000,
5041081.21044663,294940.555255406,CT,2592,4620124.0000000000,5834,0.3783600000,"24462",5729,"2466023",2899,"24","2466",Montr_al,0.3783600000,
5035248.07121,299739.373125017,CT,1524,4620306.0000000000,2799,0.2230100000,"24462",2847,"2466023",1635,"24","2466",Montr_al,0.2230100000,
5035671.2465358,299652.703249684,CT,2083,4620305.0000000000,3709,0.3506900000,"24462",3762,"2466023",2250,"24","2466",Montr_al,0.3506900000,
5044118.34675856,300444.00614986,CT,968,4620033.0000000000,1703,0.1534100000,"24462",1735,"2466023",1044,"24","2466",Montr_al,0.1534100000,
5042714.95336971,290675.778947295,CT,2072,4620410.0099999998,5393,0.8713000000,"24462",5540,"2466023",2199,"24","2466",Montr_al,0.8713000000,
5048222.2801537,293604.781863502,CT,1357,4620274.0000000000,3040,0.4793000000,"24462",3014,"2466023",1454,"24","2466",Montr_al,0.4793000000,
5044895.12743515,294910.577035253,CT,954,4620236.0000000000,1772,0.1076700000,"24462",1761,"2466023",1020,"24","2466",Montr_al,0.1076700000,
5051389.30853425,294995.385465798,CT,2183,4620611.0199999996,5497,0.5645200000,"24462",5541,"2466023",2357,"24","2466",Montr_al,0.5645200000,
5043649.0422855,296313.27797529,CT,1449,4620217.0000000000,2605,0.1624600000,"24462",2650,"2466023",1522,"24","2466",Montr_al,0.1624600000,
5043131.17106457,295959.593201502,CT,271,4620166.0000000000,480,0.2348100000,"24462",491,"2466023",336,"24","2466",Montr_al,0.2348100000,
5047916.05640212,301320.125826205,CT,2704,4620013.0000000000,4824,1.0841500000,"24462",5166,"2466023",2904,"24","2466",Montr_al,1.0841500000,
5042273.61847692,300683.285282316,CT,604,4620042.0000000000,900,0.1025900000,"24462",944,"2466023",678,"24","2466",Montr_al,0.1025900000,
5040080.91312113,293745.785555923,CT,2393,4620119.0000000000,6458,0.5753900000,"24462",6337,"2466023",2553,"24","2466",Montr_al,0.5753900000,
5041200.58459233,294100.498444955,CT,689,4620121.0000000000,1829,0.3854200000,"24462",1769,"2466023",718,"24","2466",Montr_al,0.3854200000,
5041084.72445204,300152.531946227,CT,731,4620057.0000000000,1320,0.1456700000,"24462",1617,"2466023",870,"24","2466",Montr_al,0.1456700000,
5041269.17268024,300253.871875978,CT,754,4620058.0000000000,957,0.1513000000,"24462",1123,"2466023",920,"24","2466",Montr_al,0.1513000000,
5045560.69009611,296381.578373169,CT,3017,4620242.0000000000,6180,0.3704500000,"24462",6261,"2466023",3250,"24","2466",Montr_al,0.3704500000,
5037168.39009953,296537.651485471,CT,1068,4620095.0000000000,2018,0.2215800000,"24462",2109,"2466023",1230,"24","2466",Montr_al,0.2215800000,
5036774.97879481,296039.180192654,CT,1086,4620096.0000000000,2233,0.1930100000,"24462",2276,"2466023",1234,"24","2466",Montr_al,0.1930100000,
5040681.71029899,294427.074444125,CT,2949,4620122.0000000000,6857,0.6660700000,"24462",6595,"2466023",3366,"24","2466",Montr_al,0.6660700000,
5044857.49039591,295755.91035916,CT,1562,4620245.0000000000,2793,0.2196500000,"24462",2886,"2466023",1639,"24","2466",Montr_al,0.2196500000,
5037100.50805454,294406.917968932,CT,1983,4620102.0000000000,4089,0.5898200000,"24462",4213,"2466023",2194,"24","2466",Montr_al,0.5898200000,
5036635.98486336,295134.608028209,CT,1101,4620103.0000000000,2414,0.3331000000,"24462",2413,"2466023",1150,"24","2466",Montr_al,0.3331000000,
5037039.89169175,295499.381620298,CT,1129,4620104.0000000000,2752,0.3798700000,"24462",2821,"2466023",1162,"24","2466",Montr_al,0.3798700000,
5037448.81224753,295479.443075866,CT,912,4620106.0000000000,2037,0.2375100000,"24462",2114,"2466023",968,"24","2466",Montr_al,0.2375100000,
5050999.56896817,303742.313034381,CT,1593,4620005.0000000000,3163,0.5646400000,"24462",3060,"2466023",1749,"24","2466",Montr_al,0.5646400000,
5050325.97338305,303804.521020485,CT,1993,4620006.0000000000,4458,0.6481500000,"24462",4467,"2466023",2149,"24","2466",Montr_al,0.6481500000,
5051881.24403102,303865.435257689,CT,1328,4620001.0000000000,2608,0.4618800000,"24462",2638,"2466023",1452,"24","2466",Montr_al,0.4618800000,
5051899.86198296,303483.500531102,CT,1762,4620002.0000000000,3039,0.3892700000,"24462",3516,"2466023",1902,"24","2466",Montr_al,0.3892700000,
5052060.30604654,302998.231354114,CT,2937,4620003.0000000000,6238,0.7401000000,"24462",6373,"2466023",3103,"24","2466",Montr_al,0.7401000000,
5050628.54898653,302636.184891342,CT,2809,4620007.0000000000,5722,1.0905900000,"24462",5682,"2466023",2946,"24","2466",Montr_al,1.0905900000,
5045522.60630612,302081.610491193,CT,1296,4620019.0000000000,2388,0.3325600000,"24462",2340,"2466023",1434,"24","2466",Montr_al,0.3325600000,
5045020.43395434,302062.026860147,CT,1433,4620021.0000000000,2976,0.4430700000,"24462",2891,"2466023",1676,"24","2466",Montr_al,0.4430700000,
5044615.98120252,301795.467610287,CT,798,4620022.0000000000,1579,0.1709700000,"24462",1550,"2466023",870,"24","2466",Montr_al,0.1709700000,
5044184.66052004,301556.27944511,CT,686,4620023.0000000000,1255,0.3583000000,"24462",1282,"2466023",719,"24","2466",Montr_al,0.3583000000,
5049861.39864467,303691.549803412,CT,1465,4620008.0000000000,2943,0.6229000000,"24462",3016,"2466023",1586,"24","2466",Montr_al,0.6229000000,
5048275.2720795,303144.007818928,CT,1640,4620009.0000000000,3488,4.2697500000,"24462",3470,"2466023",1770,"24","2466",Montr_al,4.2697500000,
5048351.122225,302305.25692,CT,701,4620010.0000000000,1428,0.9211500000,"24462",1479,"2466023",754,"24","2466",Montr_al,0.9211500000,
5049653.72965939,302155.714317217,CT,2826,4620011.0000000000,6280,1.2491100000,"24462",6622,"2466023",2898,"24","2466",Montr_al,1.2491100000,
5040361.27749799,294884.678475537,CT,3128,4620123.0000000000,6368,0.4104400000,"24462",6249,"2466023",3559,"24","2466",Montr_al,0.4104400000,
5046274.38072511,302705.102548885,CT,1174,4620016.0000000000,2514,0.5191100000,"24462",2539,"2466023",1315,"24","2466",Montr_al,0.5191100000,
5046003.73061611,302269.119071137,CT,1187,4620017.0000000000,2050,0.2243600000,"24462",2141,"2466023",1237,"24","2466",Montr_al,0.2243600000,
5045782.08406345,302198.062931506,CT,1136,4620018.0000000000,1977,0.3677600000,"24462",2004,"2466023",1219,"24","2466",Montr_al,0.3677600000,
5042447.44876369,297042.297574888,CT,1136,4620168.0000000000,2716,0.1702100000,"24462",2886,"2466023",1238,"24","2466",Montr_al,0.1702100000,
5038420.83721015,297630.380155315,CT,2715,4620351.0000000000,4921,0.4609700000,"24462",4984,"2466032",3147,"24","2466",Westmount,0.4609700000,
5041951.6120723,295834.15430902,CT,1018,4620366.0000000000,2538,0.3544200000,"24462",2570,"2466023",1068,"24","2466",Montr_al,0.3544200000,
5038399.36911112,295211.043587962,CT,874,4620114.0000000000,2031,0.2832000000,"24462",1989,"2466023",977,"24","2466",Montr_al,0.2832000000,
5039795.99244152,294187.175642847,CT,1575,4620118.0000000000,4453,0.3038000000,"24462",4411,"2466023",1686,"24","2466",Montr_al,0.3038000000,
5038691.55057179,294544.062442339,CT,2143,4620113.0000000000,5464,0.4953200000,"24462",5099,"2466023",2341,"24","2466",Montr_al,0.4953200000,
5042134.4302882,295387.550412962,CT,1722,4620367.0000000000,4433,0.5476900000,"24462",4548,"2466023",1856,"24","2466",Montr_al,0.5476900000,
5039313.7542636,294937.204915273,CT,2981,4620116.0000000000,6816,0.6414300000,"24462",6649,"2466023",3351,"24","2466",Montr_al,0.6414300000,
5040567.57050837,295798.464179019,CT,897,4620126.0000000000,2107,0.7459000000,"24462",2536,"2466023",1116,"24","2466",Montr_al,0.7459000000,
5041532.13992173,299645.44658872,CT,831,4620059.0000000000,1359,0.2028100000,"24462",1384,"2466023",1011,"24","2466",Montr_al,0.2028100000,
5041381.20934885,299815.127602375,CT,584,4620060.0000000000,1645,0.0914000000,"24462",1246,"2466023",784,"24","2466",Montr_al,0.0914000000,
5040401.17475391,297712.479152944,CT,1773,4620128.0000000000,3692,3.0228900000,"24462",3491,"2466023",2006,"24","2466",Montr_al,3.0228900000,
5042439.10439654,299802.789567833,CT,693,4620050.0000000000,1336,0.0705900000,"24462",1308,"2466023",768,"24","2466",Montr_al,0.0705900000,
5040713.29735,300004.89802,CT,942,4620056.0000000000,1562,0.2882200000,"24462",1552,"2466023",1148,"24","2466",Montr_al,0.2882200000,
5040292.36955456,299450.675564816,CT,1510,4620062.0000000000,2019,0.8287100000,"24462",2492,"2466023",2596,"24","2466",Montr_al,0.8287100000,
5039596.5407065,299130.25749272,CT,699,4620063.0000000000,397,0.3634800000,"24462",1134,"2466023",898,"24","2466",Montr_al,0.3634800000,
5039831.13041653,298763.135415472,CT,1024,4620064.0000000000,1968,0.2401600000,"24462",1763,"2466023",1488,"24","2466",Montr_al,0.2401600000,
5042156.64965081,297724.062397849,CT,1457,4620163.0000000000,3020,0.2023500000,"24462",3096,"2466023",1639,"24","2466",Montr_al,0.2023500000,
5041940.18448365,297553.592094634,CT,738,4620164.0000000000,1283,0.0693900000,"24462",1301,"2466023",816,"24","2466",Montr_al,0.0693900000,
5042521.63417786,296750.834137859,CT,1099,4620165.0000000000,2338,0.1501300000,"24462",2455,"2466023",1209,"24","2466",Montr_al,0.1501300000,
5043625.92807013,300917.767355928,CT,2118,4620037.0000000000,2996,0.5057300000,"24462",3337,"2466023",2196,"24","2466",Montr_al,0.5057300000,
5043224.92202601,300851.351717461,CT,983,4620038.0000000000,2016,0.2104500000,"24462",1917,"2466023",1083,"24","2466",Montr_al,0.2104500000,
5043043.98604719,301215.637668007,CT,1185,4620039.0000000000,1762,0.4765700000,"24462",2366,"2466023",1283,"24","2466",Montr_al,0.4765700000,
5042539.69420913,300934.144557637,CT,993,4620041.0000000000,1636,0.2592800000,"24462",1680,"2466023",1130,"24","2466",Montr_al,0.2592800000,
5041981.45325747,300898.234886022,CT,562,4620043.0000000000,954,0.3537200000,"24462",1015,"2466023",664,"24","2466",Montr_al,0.3537200000,
5042207.27136327,300165.646044037,CT,1189,4620044.0000000000,2110,0.1363300000,"24462",2053,"2466023",1350,"24","2466",Montr_al,0.1363300000,
5042410.88130238,300476.15352897,CT,900,4620045.0000000000,1462,0.1175100000,"24462",1400,"2466023",1053,"24","2466",Montr_al,0.1175100000,
5042609.87957789,300234.96797805,CT,1202,4620046.0000000000,2013,0.1589900000,"24462",1995,"2466023",1358,"24","2466",Montr_al,0.1589900000,
5042899.76428381,300403.262292884,CT,386,4620047.0000000000,717,0.1185200000,"24462",742,"2466023",400,"24","2466",Montr_al,0.1185200000,
5043142.89754084,300038.624563608,CT,1218,4620048.0000000000,1998,0.1402700000,"24462",2214,"2466023",1330,"24","2466",Montr_al,0.1402700000,
5042792.241,299933.516,CT,818,4620049.0000000000,1319,0.1641900000,"24462",1312,"2466023",987,"24","2466",Montr_al,0.1641900000,
5045153.88282794,297093.969503432,CT,1784,4620207.0000000000,3295,0.2558100000,"24462",3331,"2466023",1855,"24","2466",Montr_al,0.2558100000,
5038526.70443957,298701.732576111,CT,811,4620067.0000000000,1726,0.1466200000,"24462",1817,"2466023",862,"24","2466",Montr_al,0.1466200000,
5038886.79984305,299046.282803825,CT,668,4620068.0000000000,2128,0.1609100000,"24462",2053,"2466023",705,"24","2466",Montr_al,0.1609100000,
5038782.18500237,300740.189896055,CT,0,4620071.0000000000,0,0.4505200000,"24462",0,"2466023",0,"24","2466",Montr_al,0.4505200000,
5038628.09089435,299433.728206932,CT,1373,4620077.0000000000,2364,0.4178500000,"24462",2967,"2466023",1468,"24","2466",Montr_al,0.4178500000,
5037771.31396761,300896.600283153,CT,1791,4620072.0000000000,3513,2.5843400000,"24462",3585,"2466023",1933,"24","2466",Montr_al,2.5843400000,
5038381.54227091,300063.251187555,CT,1115,4620073.0000000000,1239,0.3300100000,"24462",1848,"2466023",1238,"24","2466",Montr_al,0.3300100000,
5037378.66751287,299864.924504239,CT,1694,4620074.0000000000,3688,0.4005300000,"24462",3610,"2466023",1868,"24","2466",Montr_al,0.4005300000,
5037665.09754881,299639.210005887,CT,1427,4620075.0000000000,2746,0.3091800000,"24462",2797,"2466023",1504,"24","2466",Montr_al,0.3091800000,
5037884.8584832,299432.751879335,CT,1577,4620076.0000000000,2645,0.3689100000,"24462",2989,"2466023",1768,"24","2466",Montr_al,0.3689100000,
5037553.5765084,298435.407981401,CT,2567,4620079.0000000000,4480,0.5959300000,"24462",4599,"2466023",2780,"24","2466",Montr_al,0.5959300000,
5038153.54275355,298371.366037865,CT,397,4620080.0000000000,825,0.0900500000,"24462",780,"2466023",431,"24","2466",Montr_al,0.0900500000,
5042345.69368529,298367.834634601,CT,1648,4620139.0000000000,3159,0.2204600000,"24462",3174,"2466023",1887,"24","2466",Montr_al,0.2204600000,
5042855.96760781,298568.94303209,CT,681,4620140.0000000000,1380,0.1180700000,"24462",1420,"2466023",733,"24","2466",Montr_al,0.1180700000,
5042736.53718863,298756.606466239,CT,804,4620141.0000000000,1633,0.1199400000,"24462",1623,"2466023",920,"24","2466",Montr_al,0.1199400000,
5042567.95877116,298907.077317404,CT,854,4620142.0000000000,1585,0.1099600000,"24462",1657,"2466023",982,"24","2466",Montr_al,0.1099600000,
5042217.49136879,299255.824606629,CT,1416,4620143.0000000000,2224,0.1728400000,"24462",2418,"2466023",1604,"24","2466",Montr_al,0.1728400000,
5036534.33347893,297487.776172022,CT,1334,4620084.0000000000,2296,0.3444900000,"24462",2600,"2466023",1451,"24","2466",Montr_al,0.3444900000,
5036589.38370404,298518.482285232,CT,341,4620085.0000000000,825,1.2000800000,"24462",751,"2466023",397,"24","2466",Montr_al,1.2000800000,
5035473.54871205,298185.203546261,CT,2095,4620086.0000000000,3935,0.5271200000,"24462",4068,"2466023",2230,"24","2466",Montr_al,0.5271200000,
5035838.93932579,297570.299951333,CT,1581,4620087.0000000000,3416,0.2624000000,"24462",3406,"2466023",1718,"24","2466",Montr_al,0.2624000000,
5037624.30634628,297045.723916504,CT,1357,4620352.0000000000,3017,0.4883900000,"24462",3113,"2466032",1463,"24","2466",Westmount,0.4883900000,
5037916.56125475,296678.529231949,CT,1166,4620353.0000000000,2961,0.4142000000,"24462",2999,"2466032",1242,"24","2466",Westmount,0.4142000000,
5038388.88426666,296461.728051347,CT,1001,4620354.0000000000,3158,0.8105300000,"24462",3092,"2466032",1044,"24","2466",Westmount,0.8105300000,
5038881.22989444,297398.481691012,CT,672,4620355.0000000000,1387,0.3073400000,"24462",1573,"2466032",772,"24","2466",Westmount,0.3073400000,
5038911.70776376,296313.706280166,CT,653,4620356.0000000000,1996,1.0047300000,"24462",2026,"2466032",699,"24","2466",Westmount,1.0047300000,
5041193.29695,296956.1043,CT,624,4620360.0000000000,1934,1.4255200000,"24462",1923,"2466023",680,"24","2466",Montr_al,1.4255200000,
5041008.12837844,295741.21385686,CT,671,4620361.0000000000,1384,0.1125600000,"24462",1419,"2466023",833,"24","2466",Montr_al,0.1125600000,
5041707.45944719,296214.862262883,CT,834,4620362.0000000000,2551,0.5246000000,"24462",2366,"2466023",896,"24","2466",Montr_al,0.5246000000,
5042105.88569053,296923.657659355,CT,2075,4620363.0000000000,5012,0.3712000000,"24462",4936,"2466023",2308,"24","2466",Montr_al,0.3712000000,
5042758.37835,296039.846265,CT,962,4620364.0000000000,2935,0.2340800000,"24462",3112,"2466023",1059,"24","2466",Montr_al,0.2340800000,
5042486.35030097,295880.246186834,CT,1267,4620365.0000000000,2779,0.2480700000,"24462",3080,"2466023",1370,"24","2466",Montr_al,0.2480700000,
5044664.43396899,297156.522514234,CT,3024,4620209.0000000000,5572,0.6647300000,"24462",5819,"2466023",3255,"24","2466",Montr_al,0.6647300000,
5043935.41863968,297409.994985536,CT,2208,4620210.0000000000,3848,0.3264800000,"24462",3961,"2466023",2348,"24","2466",Montr_al,0.3264800000,
5044223.01342631,297047.908459572,CT,1267,4620211.0000000000,2277,0.1765200000,"24462",2281,"2466023",1329,"24","2466",Montr_al,0.1765200000,
5044387.59494722,296789.121854888,CT,1387,4620212.0000000000,2430,0.1939300000,"24462",2565,"2466023",1464,"24","2466",Montr_al,0.1939300000,
5044559.24302482,296518.756814817,CT,1344,4620213.0000000000,2528,0.1913600000,"24462",2664,"2466023",1417,"24","2466",Montr_al,0.1913600000,
5044122.29594167,296272.590949368,CT,1405,4620214.0000000000,2575,0.2537200000,"24462",2737,"2466023",1497,"24","2466",Montr_al,0.2537200000,
5043445.71801132,296722.815204398,CT,1247,4620216.0000000000,2197,0.3235600000,"24462",2233,"2466023",1332,"24","2466",Montr_al,0.3235600000,
5043490.34992902,295850.607077366,CT,1528,4620219.0000000000,2485,0.3125800000,"24462",2778,"2466023",1663,"24","2466",Montr_al,0.3125800000,
5043257.23062006,295200.96274284,CT,2802,4620220.0000000000,5810,0.4197800000,"24462",5798,"2466023",3025,"24","2466",Montr_al,0.4197800000,
5042891.40644825,294999.039657985,CT,2698,4620221.0000000000,6346,0.3285800000,"24462",5988,"2466023",2976,"24","2466",Montr_al,0.3285800000,
5045384.15985287,295042.920071684,CT,2484,4620239.0000000000,4587,0.5420000000,"24462",4696,"2466023",2616,"24","2466",Montr_al,0.5420000000,
5045752.64734696,295395.017256111,CT,1546,4620240.0000000000,3068,0.3076100000,"24462",3226,"2466023",1651,"24","2466",Montr_al,0.3076100000,
5045977.21629584,295722.565295447,CT,1340,4620241.0000000000,2895,0.2060500000,"24462",2914,"2466023",1456,"24","2466",Montr_al,0.2060500000,
5044730.81031016,296247.226305514,CT,1182,4620247.0000000000,2212,0.1931300000,"24462",2239,"2466023",1255,"24","2466",Montr_al,0.1931300000,
5045601.3403863,293523.084840484,CT,2213,4620265.0000000000,4402,0.4832600000,"24462",4565,"2466023",2376,"24","2466",Montr_al,0.4832600000,
5045138.82797387,293362.882510178,CT,1682,4620266.0000000000,3258,0.7533400000,"24462",3357,"2466023",1794,"24","2466",Montr_al,0.7533400000,
5044475.40084699,292971.132686447,CT,2666,4620267.0000000000,6030,1.1259300000,"24462",6334,"2466023",2883,"24","2466",Montr_al,1.1259300000,
5044788.83185878,292046.858047631,CT,1921,4620269.0000000000,3969,0.7717400000,"24462",4137,"2466023",2098,"24","2466",Montr_al,0.7717400000,
5046447.18349445,292749.986593952,CT,1613,4620271.0000000000,3244,0.4780400000,"24462",3454,"2466023",1693,"24","2466",Montr_al,0.4780400000,
5047087.08152872,293010.437697515,CT,1841,4620272.0000000000,3748,0.5044100000,"24462",3796,"2466023",1911,"24","2466",Montr_al,0.5044100000,
5047735.97917872,293318.622397153,CT,2195,4620273.0000000000,4379,0.5693400000,"24462",4661,"2466023",2411,"24","2466",Montr_al,0.5693400000,
5048806.20266808,292965.886389668,CT,1996,4620275.0000000000,3983,0.6207300000,"24462",4011,"2466023",2180,"24","2466",Montr_al,0.6207300000,
5048240.33362352,292512.808097281,CT,2529,4620276.0000000000,5016,0.8864500000,"24462",5112,"2466023",2726,"24","2466",Montr_al,0.8864500000,
5047415.41837185,292395.55387141,CT,1936,4620277.0000000000,4403,0.5592900000,"24462",4410,"2466023",2101,"24","2466",Montr_al,0.5592900000,
5037899.40427848,293420.753396924,CT,2473,4620370.0000000000,7153,1.7952600000,"24462",6973,"2466062",2623,"24","2466",Hampstead,1.7952600000,
5045983.3917199,296381.993936827,CT,2139,4620249.0000000000,4098,0.5301300000,"24462",4194,"2466023",2279,"24","2466",Montr_al,0.5301300000,
5046311.5637723,296595.349954369,CT,1899,4620250.0000000000,3973,0.4483600000,"24462",4052,"2466023",2050,"24","2466",Montr_al,0.4483600000,
5046905.33710204,297431.910210796,CT,2275,4620252.0000000000,5044,0.3254400000,"24462",5258,"2466023",2458,"24","2466",Montr_al,0.3254400000,
5047272.17301367,296843.230583691,CT,1443,4620253.0000000000,2997,0.4582400000,"24462",3436,"2466023",1582,"24","2466",Montr_al,0.4582400000,
5047522.90868624,297340.534240721,CT,1836,4620254.0000000000,3931,0.6139400000,"24462",4069,"2466023",1934,"24","2466",Montr_al,0.6139400000,
5047048.473725,295564.09809,CT,1465,4620256.0000000000,3864,1.8427100000,"24462",3772,"2466023",1628,"24","2466",Montr_al,1.8427100000,
5047818.22655,296140.71672,CT,1657,4620257.0000000000,4622,1.3299000000,"24462",4520,"2466023",1785,"24","2466",Montr_al,1.3299000000,
5049132.08736615,295282.748005731,CT,2321,4620259.0000000000,6065,0.3707300000,"24462",5969,"2466023",2545,"24","2466",Montr_al,0.3707300000,
5048632.38358326,294615.020986526,CT,836,4620260.0000000000,2317,0.5422500000,"24462",2312,"2466023",893,"24","2466",Montr_al,0.5422500000,
5048346.706,295084.729,CT,1070,4620261.0000000000,2820,0.6294400000,"24462",2713,"2466023",1168,"24","2466",Montr_al,0.6294400000,
5047588.84803711,294610.941304934,CT,1717,4620262.0000000000,4593,0.7679200000,"24462",4525,"2466023",1889,"24","2466",Montr_al,0.7679200000,
5047688.17543033,294028.48253362,CT,1713,4620263.0000000000,4027,0.7522900000,"24462",4085,"2466023",1848,"24","2466",Montr_al,0.7522900000,
5042972.59394923,296505.070987778,CT,1157,4620167.0000000000,2457,0.2054900000,"24462",2549,"2466023",1229,"24","2466",Montr_al,0.2054900000,
5042959.07395668,297383.819474176,CT,2648,4620171.0000000000,4539,0.4830800000,"24462",4735,"2466023",2836,"24","2466",Montr_al,0.4830800000,
5043234.16434805,297697.976711567,CT,1551,4620172.0000000000,2200,0.1981300000,"24462",2496,"2466023",1680,"24","2466",Montr_al,0.1981300000,
5043453.09131367,297863.137753422,CT,1141,4620173.0000000000,1970,0.1865800000,"24462",2029,"2466023",1212,"24","2466",Montr_al,0.1865800000,
5043716.22021157,298027.413666065,CT,1221,4620174.0000000000,2031,0.2299100000,"24462",2091,"2466023",1305,"24","2466",Montr_al,0.2299100000,
5043888.27961071,298147.442957996,CT,1059,4620175.0000000000,2044,0.1190100000,"24462",1978,"2466023",1141,"24","2466",Montr_al,0.1190100000,
5044008.81423966,298282.939289133,CT,873,4620176.0000000000,1551,0.1139100000,"24462",1572,"2466023",920,"24","2466",Montr_al,0.1139100000,
5044171.32540672,298381.893800624,CT,748,4620177.0000000000,1189,0.0988500000,"24462",1346,"2466023",802,"24","2466",Montr_al,0.0988500000,
5044669.61118514,298159.235117397,CT,2172,4620179.0000000000,3703,0.4978600000,"24462",3819,"2466023",2356,"24","2466",Montr_al,0.4978600000,
5045119.6602,298457.409245,CT,1904,4620180.0000000000,3453,0.2641700000,"24462",3378,"2466023",2022,"24","2466",Montr_al,0.2641700000,
5045034.85319002,299035.603825391,CT,2449,4620181.0000000000,3570,0.3347000000,"24462",4468,"2466023",3042,"24","2466",Montr_al,0.3347000000,
5045366.52333138,298583.268979884,CT,1125,4620182.0000000000,2154,0.1379200000,"24462",2155,"2466023",1182,"24","2466",Montr_al,0.1379200000,
5045545.07180598,298677.422866616,CT,1231,4620183.0000000000,2205,0.1318000000,"24462",2205,"2466023",1265,"24","2466",Montr_al,0.1318000000,
5045796.82604489,298806.227507371,CT,1540,4620184.0000000000,2910,0.2191000000,"24462",2943,"2466023",1615,"24","2466",Montr_al,0.2191000000,
5045839.49086315,299342.88131076,CT,2445,4620186.0000000000,4422,0.3873300000,"24462",4539,"2466023",2577,"24","2466",Montr_al,0.3873300000,
5046912.1655183,299935.660496571,CT,0,4620189.0000000000,0,1.4695100000,"24462",0,"2466023",0,"24","2466",Montr_al,1.4695100000,
5049477.65456369,301046.378331114,CT,2875,4620191.0000000000,6178,1.6916900000,"24462",6171,"2466023",3115,"24","2466",Montr_al,1.6916900000,
5050884.03446356,301716.155442036,CT,1172,4620192.0000000000,3221,0.7796900000,"24462",3290,"2466023",1197,"24","2466",Montr_al,0.7796900000,
5051655.13062173,302082.39969842,CT,924,4620193.0000000000,1978,0.2646400000,"24462",2003,"2466023",986,"24","2466",Montr_al,0.2646400000,
5052321.43238421,302052.039145872,CT,3061,4620194.0000000000,5859,1.2092600000,"24462",7557,"2466023",3196,"24","2466",Montr_al,1.2092600000,
5048018.29955808,299522.371554334,CT,2018,4620196.0000000000,4055,0.4049600000,"24462",3944,"2466023",2261,"24","2466",Montr_al,0.4049600000,
5048278.41001704,299003.888209489,CT,2404,4620197.0000000000,4815,0.5961100000,"24462",5027,"2466023",2580,"24","2466",Montr_al,0.5961100000,
5047648.22803524,298863.529186688,CT,2440,4620198.0000000000,4891,0.6466100000,"24462",4940,"2466023",2619,"24","2466",Montr_al,0.6466100000,
5047059.78742712,298931.121822659,CT,1341,4620199.0000000000,2605,0.2251400000,"24462",2613,"2466023",1429,"24","2466",Montr_al,0.2251400000,
5046684.09660595,298313.573964569,CT,3436,4620201.0000000000,7128,0.9381200000,"24462",7118,"2466023",3666,"24","2466",Montr_al,0.9381200000,
5046078.58960705,297946.110148207,CT,2280,4620202.0000000000,4292,0.6147200000,"24462",4224,"2466023",2429,"24","2466",Montr_al,0.6147200000,
5045777.18560812,297487.530353239,CT,1459,4620203.0000000000,2725,0.2378600000,"24462",2700,"2466023",1560,"24","2466",Montr_al,0.2378600000,
5045539.58466308,298004.626361514,CT,1438,4620204.0000000000,2693,0.2349100000,"24462",2670,"2466023",1525,"24","2466",Montr_al,0.2349100000,
5045165.74520009,297764.512924879,CT,1150,4620205.0000000000,2069,0.1768800000,"24462",2115,"2466023",1222,"24","2466",Montr_al,0.1768800000,
5038053.79817485,297936.677981615,CT,1121,4620350.0000000000,2491,0.5594900000,"24462",2525,"2466032",1250,"24","2466",Westmount,0.5594900000,
5036969.44468904,292806.252540611,CT,1802,4620380.0000000000,4094,0.7652700000,"24462",4060,"2466058",1877,"24","2466",C_te-Saint-Luc,0.7652700000,
5035561.49771087,292194.54374949,CT,2474,4620381.0000000000,6381,0.5886000000,"24462",6290,"2466058",2736,"24","2466",C_te-Saint-Luc,0.5886000000,
5035721.71117131,298862.827813443,CT,1745,4620304.0000000000,2911,0.2710600000,"24462",3277,"2466023",1857,"24","2466",Montr_al,0.2710600000,
5037970.76433798,294268.568290142,CT,949,4620385.0000000000,1465,0.0371200000,"24462",1517,"2466058",1001,"24","2466",C_te-Saint-Luc,0.0371200000,
5035208.09304835,299346.121521794,CT,1567,4620307.0000000000,3269,0.1736500000,"24462",3079,"2466023",1716,"24","2466",Montr_al,0.1736500000,
5032896.85949208,292015.717619181,CT,617,4620390.0000000000,953,1.0263200000,"24462",1198,"2466023",690,"24","2466",Montr_al,1.0263200000,
5032602.56119485,291136.975482416,CT,834,4620391.0000000000,1665,0.3170200000,"24462",1656,"2466023",955,"24","2466",Montr_al,0.3170200000,
5036137.77489294,298811.044640701,CT,1252,4620303.0000000000,2213,0.2635300000,"24462",2291,"2466023",1355,"24","2466",Montr_al,0.2635300000,
5032596.30525622,290498.365814659,CT,738,4620392.0000000000,1470,0.4379400000,"24462",1522,"2466023",824,"24","2466",Montr_al,0.4379400000,
5033426.80182454,290872.882892894,CT,3193,4620393.0000000000,5208,1.0424000000,"24462",6874,"2466023",3379,"24","2466",Montr_al,1.0424000000,
5033782.1159017,291965.033097713,CT,1871,4620394.0000000000,3319,1.3444200000,"24462",3689,"2466023",2024,"24","2466",Montr_al,1.3444200000,
5033171.99784091,288684.274170224,CT,2539,4620396.0000000000,6208,1.4642000000,"24462",6501,"2466023",2701,"24","2466",Montr_al,1.4642000000,
5033966.4275228,288431.282690438,CT,1517,4620397.0000000000,3909,1.1863400000,"24462",4038,"2466023",1549,"24","2466",Montr_al,1.1863400000,
5042277.7593153,294450.124500442,CT,1980,4620400.0000000000,4925,1.3787200000,"24462",5232,"2466072",2101,"24","2466",Mont-Royal,1.3787200000,
5041102.95394674,293511.064066868,CT,1218,4620401.0000000000,3134,0.9687800000,"24462",3116,"2466072",1299,"24","2466",Mont-Royal,0.9687800000,
5041729.50691794,285552.498846245,CT,404,4620288.0000000000,1581,1.8865900000,"24462",1519,"2466023",415,"24","2466",Montr_al,1.8865900000,
5036328.76682325,299909.314589476,CT,1261,4620300.0000000000,2706,0.5165800000,"24462",2699,"2466023",1372,"24","2466",Montr_al,0.5165800000,
5036770.71492729,299440.659311621,CT,2627,4620301.0000000000,4963,0.4193800000,"24462",5005,"2466023",2776,"24","2466",Montr_al,0.4193800000,
5036123.58018825,299362.772504201,CT,1537,4620302.0000000000,2827,0.2062800000,"24462",2926,"2466023",1673,"24","2466",Montr_al,0.2062800000,
5046757.41313717,292007.866018001,CT,2100,4620278.0000000000,4338,0.5896100000,"24462",4343,"2466023",2209,"24","2466",Montr_al,0.5896100000,
5046051.05467584,291631.25195626,CT,2500,4620279.0000000000,4166,0.9385900000,"24462",5261,"2466023",2646,"24","2466",Montr_al,0.9385900000,
5044977.55323,291455.996069532,CT,2085,4620280.0000000000,4471,0.5905800000,"24462",4494,"2466023",2268,"24","2466",Montr_al,0.5905800000,
5045164.98638165,290730.747599355,CT,1459,4620281.0000000000,3557,1.0850700000,"24462",3914,"2466023",1530,"24","2466",Montr_al,1.0850700000,
5034577.4467074,298474.861845155,CT,1603,4620310.0000000000,3420,0.4281100000,"24462",3387,"2466023",1686,"24","2466",Montr_al,0.4281100000,
5044634.9276936,289957.874825262,CT,2737,4620282.0000000000,6757,1.3165500000,"24462",7032,"2466023",2904,"24","2466",Montr_al,1.3165500000,
5044514.44980359,288916.72870738,CT,1559,4620284.0000000000,3362,0.5822200000,"24462",3467,"2466023",1654,"24","2466",Montr_al,0.5822200000,
5034789.51090147,299281.4845295,CT,2017,4620311.0000000000,3986,0.3574600000,"24462",4003,"2466023",2146,"24","2466",Montr_al,0.3574600000,
5043715.22496311,288315.727091405,CT,2260,4620285.0000000000,6554,1.5100000000,"24462",6577,"2466023",2401,"24","2466",Montr_al,1.5100000000,
5043280.97503369,289192.46595343,CT,1961,4620286.0000000000,5321,0.7912700000,"24462",5305,"2466023",2110,"24","2466",Montr_al,0.7912700000,
5035229.74887849,299007.418334816,CT,1352,4620308.0000000000,2522,0.1739400000,"24462",2693,"2466023",1427,"24","2466",Montr_al,0.1739400000,
5035251.66233324,298668.222189998,CT,622,4620309.0000000000,1305,0.1864500000,"24462",1364,"2466023",640,"24","2466",Montr_al,0.1864500000,
5034378.98931477,299170.830263107,CT,1621,4620312.0000000000,3220,0.3067100000,"24462",3241,"2466023",1719,"24","2466",Montr_al,0.3067100000,
5034134.83446578,298650.109513803,CT,1523,4620313.0000000000,3290,0.3976600000,"24462",3249,"2466023",1586,"24","2466",Montr_al,0.3976600000,
5033979.17237135,298367.688327664,CT,1162,4620314.0000000000,2422,0.2574700000,"24462",2466,"2466023",1229,"24","2466",Montr_al,0.2574700000,
5033341.769575,298066.78646,CT,5,4620315.0000000000,94,0.8105600000,"24462",240,"2466023",5,"24","2466",Montr_al,0.8105600000,
5033164.41798222,297821.411868688,CT,850,4620316.0000000000,2187,0.5697000000,"24462",2239,"2466023",871,"24","2466",Montr_al,0.5697000000,
5032652.41519712,297480.631844896,CT,2133,4620320.0000000000,4541,0.6775200000,"24462",4683,"2466023",2271,"24","2466",Montr_al,0.6775200000,
5032205.91409766,297107.697633278,CT,1387,4620321.0000000000,2850,1.0888300000,"24462",2921,"2466023",1506,"24","2466",Montr_al,1.0888300000,
5039423.4109266,291625.582291643,CT,698,4620402.0000000000,1304,2.4379700000,"24462",1686,"2466072",746,"24","2466",Mont-Royal,2.4379700000,
5041372.0842,292774.32201,CT,1767,4620403.0000000000,5027,1.3173400000,"24462",5198,"2466072",1944,"24","2466",Mont-Royal,1.3173400000,
5042618.62272698,293445.825324437,CT,1710,4620404.0000000000,5113,1.4325500000,"24462",5044,"2466072",1824,"24","2466",Mont-Royal,1.4325500000,
5040440.07056939,290887.966553756,CT,2716,4620412.0000000000,6772,1.5027600000,"24462",7329,"2466023",2888,"24","2466",Montr_al,1.5027600000,
5030939.83705,295062.02631,CT,1191,4620323.0000000000,2941,0.6231500000,"24462",2862,"2466023",1289,"24","2466",Montr_al,0.6231500000,
5031590.942,293155.921,CT,2078,4620327.0000000000,4787,1.0908500000,"24462",4737,"2466023",2248,"24","2466",Montr_al,1.0908500000,
5032202.93857501,292282.502571313,CT,1700,4620329.0000000000,3601,0.6290700000,"24462",3669,"2466023",1882,"24","2466",Montr_al,0.6290700000,
5034217.56436972,292906.691439918,CT,2371,4620330.0000000000,5212,2.0579400000,"24462",5239,"2466023",2605,"24","2466",Montr_al,2.0579400000,
5034792.84542928,293114.490671091,CT,1850,4620340.0000000000,5085,1.3684300000,"24462",5050,"2466047",1956,"24","2466",Montr_al-Ouest,1.3684300000,
5030950.04401165,272334.052594985,CT,1334,4620480.0000000000,3850,6.0312600000,"24462",3823,"2466112",1381,"24","2466",Baie-D'Urf_,6.0312600000,
5029662.99707449,269563.750183808,CT,1277,4620490.0000000000,2423,0.6885900000,"24462",2432,"2466117",1492,"24","2466",Sainte-Anne-de-Bellevue,0.6885900000,
5032104.69789852,271147.432836461,CT,683,4620491.0000000000,2650,9.8048100000,"24462",2526,"2466117",703,"24","2466",Sainte-Anne-de-Bellevue,9.8048100000,
5040702.73460294,280853.271713945,CT,2120,4620530.0000000000,5880,2.2203700000,"24462",5941,"2466023",2192,"24","2466",Montr_al,2.2203700000,
5032617.87282882,269194.375433757,CT,346,4620500.0000000000,920,7.5240000000,"24462",921,"2466127",375,"24","2466",Senneville,7.5240000000,
5037927.16350111,275924.589492987,CT,1681,4620540.0000000000,3450,0.8724100000,"24462",3700,"2466023",1806,"24","2466",Montr_al,0.8724100000,
5040086.43383147,279263.695731655,CT,808,4620523.0000000000,2524,0.7628000000,"24462",2463,"2466142",816,"24","2466",Dollard-Des Ormeaux,0.7628000000,
5042493.35588602,290119.910866456,CT,1710,4620420.0000000000,5060,0.8334100000,"24462",5157,"2466023",1775,"24","2466",Montr_al,0.8334100000,
5034921.71098309,281577.061790194,CT,2755,4620451.0000000000,6791,3.3254000000,"24462",6731,"2466097",2831,"24","2466",Pointe-Claire,3.3254000000,
5033736.31932506,286758.18564082,CT,3403,4620430.0000000000,6004,1.9711500000,"24462",6711,"2466087",3642,"24","2466",Dorval,1.9711500000,
5034558.43937158,279169.707261347,CT,2724,4620452.0000000000,7136,3.1568200000,"24462",7275,"2466097",2837,"24","2466",Pointe-Claire,3.1568200000,
5033761.89505142,285132.889216753,CT,2361,4620431.0000000000,5425,2.1976300000,"24462",5413,"2466087",2487,"24","2466",Dorval,2.1976300000,
5033935.05315372,283671.207069632,CT,1244,4620432.0000000000,3251,1.3046300000,"24462",3267,"2466087",1272,"24","2466",Dorval,1.3046300000,
5036272.02469253,284925.009104143,CT,1384,4620433.0000000000,3528,15.4410700000,"24462",3589,"2466023",1417,"24","2466",Montr_al,15.4410700000,
5032512.0357903,285918.532926964,CT,4,4620440.0000000000,5,0.1917400000,"24462",5,"2466092",60,"24","2466",L'_le-Dorval,0.1917400000,
5033204.65340825,280163.524393332,CT,3233,4620450.0000000000,7316,3.7594600000,"24462",7183,"2466097",3370,"24","2466",Pointe-Claire,3.7594600000,
5032092.25115644,276780.619376492,CT,1843,4620460.0000000000,5361,3.5822700000,"24462",5345,"2466107",1881,"24","2466",Beaconsfield,3.5822700000,
5031288.49501385,274408.067990934,CT,1032,4620461.0000000000,2964,1.8774900000,"24462",2942,"2466107",1078,"24","2466",Beaconsfield,1.8774900000,
5050072.27676481,294699.35432145,CT,1859,4620612.0000000000,4210,0.7466200000,"24462",4641,"2466023",1989,"24","2466",Montr_al,0.7466200000,
5051341.02245651,293855.493103503,CT,1628,4620618.0000000000,3363,0.5033600000,"24462",3479,"2466023",1710,"24","2466",Montr_al,0.5033600000,
5054379.93933266,302577.941985682,CT,1734,4620570.0000000000,3728,12.2748000000,"24462",3850,"2466007",1856,"24","2466",Montr_al-Est,12.2748000000,
5055348.43549982,304601.497287154,CT,3220,4620584.0000000000,6814,1.5998900000,"24462",7022,"2466023",3370,"24","2466",Montr_al,1.5998900000,
5055975.17595356,304763.869449002,CT,1314,4620583.0000000000,3218,0.7408200000,"24462",3205,"2466023",1365,"24","2466",Montr_al,0.7408200000,
5049124.50758323,294061.577602961,CT,2884,4620613.0000000000,7112,0.9905900000,"24462",7398,"2466023",3165,"24","2466",Montr_al,0.9905900000,
5049477.58171396,293376.449896288,CT,1579,4620614.0000000000,3562,0.4445700000,"24462",3446,"2466023",1770,"24","2466",Montr_al,0.4445700000,
5050029.77944375,293806.675590592,CT,2193,4620615.0000000000,5646,0.5599700000,"24462",5584,"2466023",2383,"24","2466",Montr_al,0.5599700000,
5050750.98431185,294223.270427633,CT,2586,4620616.0000000000,6527,0.7548100000,"24462",6609,"2466023",2801,"24","2466",Montr_al,0.7548100000,
5051887.36945701,300288.707632812,CT,3067,4620592.0000000000,7181,0.9578500000,"24462",7418,"2466023",3197,"24","2466",Montr_al,0.9578500000,
5041070.06762257,282343.905467119,CT,1171,4620511.0099999998,3332,1.4568100000,"24462",3295,"2466023",1207,"24","2466",Montr_al,1.4568100000,
5040467.0238873,283660.251390641,CT,2253,4620511.0199999996,6102,1.5418300000,"24462",6209,"2466023",2422,"24","2466",Montr_al,1.5418300000,
5050014.00026534,293144.050767009,CT,3063,4620619.0000000000,5999,0.5721900000,"24462",5806,"2466023",3287,"24","2466",Montr_al,0.5721900000,
5036588.0688207,294049.550515477,CT,1848,4620100.0099999998,4065,0.4579600000,"24462",4061,"2466023",2022,"24","2466",Montr_al,0.4579600000,
5051127.699,300136.907,CT,2772,4620593.0099999998,5010,1.0422700000,"24462",5087,"2466023",2830,"24","2466",Montr_al,1.0422700000,
5050441.90473299,300710.98872074,CT,1977,4620593.0199999996,4402,0.4852100000,"24462",4538,"2466023",2074,"24","2466",Montr_al,0.4852100000,
5033481.17774621,295840.04940449,CT,3039,4620325.0499999998,5030,0.9131900000,"24462",6994,"2466023",3298,"24","2466",Montr_al,0.9131900000,
5032785.91812477,296298.508960249,CT,1925,4620325.0599999996,4162,0.7739600000,"24462",4225,"2466023",2002,"24","2466",Montr_al,0.7739600000,
5039601.17736166,285880.105962706,CT,2836,4620415.0499999998,6534,10.8938600000,"24462",7819,"2466023",2902,"24","2466",Montr_al,10.8938600000,
5036038.32274803,293703.782303107,CT,1424,4620100.0199999996,3486,0.3554800000,"24462",3474,"2466023",1618,"24","2466",Montr_al,0.3554800000,
5059267.74313672,302288.80133643,CT,1785,4620291.0300000003,4740,6.9989400000,"24462",5352,"2466023",1798,"24","2466",Montr_al,6.9989400000,
5039642.26528368,290174.038502346,CT,1450,4620413.0199999996,3839,0.8064900000,"24462",3812,"2466023",1582,"24","2466",Montr_al,0.8064900000,
5045731.28325651,299936.061701052,CT,2550,4620187.0300000003,4724,0.3558200000,"24462",4805,"2466023",2622,"24","2466",Montr_al,0.3558200000,
5057396.59347694,301072.018878518,CT,1469,4620291.0400000000,4776,3.2058400000,"24462",5230,"2466023",1476,"24","2466",Montr_al,3.2058400000,
5040120.95666378,289787.382821691,CT,1380,4620413.0099999998,3970,0.8079500000,"24462",3865,"2466023",1402,"24","2466",Montr_al,0.8079500000,
5045001.94010623,299678.647556605,CT,2406,4620187.0400000000,5011,0.7695400000,"24462",5679,"2466023",2430,"24","2466",Montr_al,0.7695400000,
5048566.39921302,297041.473497291,CT,1671,4620603.0199999996,3691,0.6244000000,"24462",4072,"2466023",1805,"24","2466",Montr_al,0.6244000000,
5052227.74147597,296177.158977752,CT,1963,4620610.0099999998,4512,0.9339800000,"24462",4536,"2466023",2086,"24","2466",Montr_al,0.9339800000,
5052307.00413236,295511.789383026,CT,1764,4620610.0199999996,4539,0.4617000000,"24462",4558,"2466023",1885,"24","2466",Montr_al,0.4617000000,
5053387.15067545,295347.466745098,CT,1610,4620610.0400000000,3957,0.1945700000,"24462",3632,"2466023",1859,"24","2466",Montr_al,0.1945700000,
5050906.25168677,295269.753041855,CT,1134,4620611.0099999998,2808,0.7118700000,"24462",2822,"2466023",1232,"24","2466",Montr_al,0.7118700000,
5052386.34747632,294738.176687612,CT,2153,4620617.0099999998,5414,0.9046400000,"24462",5460,"2466023",2259,"24","2466",Montr_al,0.9046400000,
5051927.66454895,294345.942680519,CT,1632,4620617.0199999996,3933,0.6573500000,"24462",3926,"2466023",1712,"24","2466",Montr_al,0.6573500000,
5048592.86396473,301809.481871219,CT,2016,4620012.0199999996,4038,0.3963900000,"24462",4034,"2466023",2175,"24","2466",Montr_al,0.3963900000,
5036215.73687176,295300.67727681,CT,3298,4620097.0099999998,6280,0.3526300000,"24462",6285,"2466023",3528,"24","2466",Montr_al,0.3526300000,
5035480.45183686,294329.613965132,CT,1962,4620097.0199999996,3630,0.3937300000,"24462",3831,"2466023",2167,"24","2466",Montr_al,0.3937300000,
5043737.993747,290108.013834163,CT,1356,4620283.0099999998,3612,0.6084200000,"24462",3663,"2466023",1428,"24","2466",Montr_al,0.6084200000,
5051552.60139283,300898.738875973,CT,1644,4620591.0199999996,4076,0.6851000000,"24462",4158,"2466023",1708,"24","2466",Montr_al,0.6851000000,
5049261.16111798,297275.519994525,CT,1444,4620603.0099999998,3759,0.5327600000,"24462",3615,"2466023",1555,"24","2466",Montr_al,0.5327600000,
5044128.55598215,289551.807753767,CT,1208,4620283.0199999996,2823,0.4694400000,"24462",2853,"2466023",1276,"24","2466",Montr_al,0.4694400000,
5053026.5631,301140.497205,CT,2200,4620590.0099999998,5383,1.4952800000,"24462",5439,"2466023",2306,"24","2466",Montr_al,1.4952800000,
5052338.59325986,300888.711388319,CT,1379,4620590.0199999996,3136,0.3001000000,"24462",3340,"2466023",1462,"24","2466",Montr_al,0.3001000000,
5051400.48756461,301402.607204832,CT,1057,4620591.0099999998,2557,0.4872100000,"24462",2664,"2466023",1103,"24","2466",Montr_al,0.4872100000,
5040595.96194669,277389.347662514,CT,1768,4620512.0199999996,4455,1.4648900000,"24462",4449,"2466023",1864,"24","2466",Montr_al,1.4648900000,
5032090.49841999,295252.766323365,CT,2764,4620325.0199999996,6559,0.9765300000,"24462",6575,"2466023",2961,"24","2466",Montr_al,0.9765300000,
5032631.9504,295189.322605,CT,1507,4620325.0300000003,3612,0.4669400000,"24462",3702,"2466023",1605,"24","2466",Montr_al,0.4669400000,
5034206.11307232,295364.663808137,CT,1129,4620326.0099999998,2872,2.5397700000,"24462",2822,"2466023",1201,"24","2466",Montr_al,2.5397700000,
5032619.06367578,293514.895716171,CT,1570,4620326.0199999996,3493,1.0864400000,"24462",3386,"2466023",1715,"24","2466",Montr_al,1.0864400000,
5038094.47290656,276957.800447474,CT,2761,4620514.0099999998,7163,1.9825700000,"24462",6997,"2466023",2832,"24","2466",Montr_al,1.9825700000,
5036787.90770222,276151.019328189,CT,2176,4620514.0199999996,6325,1.8750300000,"24462",6255,"2466023",2221,"24","2466",Montr_al,1.8750300000,
5037691.78084033,278636.406809572,CT,1911,4620521.0099999998,4650,0.8407000000,"24462",4819,"2466142",1963,"24","2466",Dollard-Des Ormeaux,0.8407000000,
5057129.13886673,304934.502383378,CT,3019,4620582.0099999998,6531,1.1576600000,"24462",6465,"2466023",3154,"24","2466",Montr_al,1.1576600000,
5056464.55316524,304798.028522441,CT,2657,4620582.0199999996,6127,1.2650600000,"24462",6033,"2466023",2728,"24","2466",Montr_al,1.2650600000,
5050131.50533946,299232.610120524,CT,1564,4620600.0099999998,3833,0.7407200000,"24462",3931,"2466023",1604,"24","2466",Montr_al,0.7407200000,
5049429.90119222,299263.374796673,CT,1706,4620600.0199999996,4028,0.4129500000,"24462",4141,"2466023",1782,"24","2466",Montr_al,0.4129500000,
5049629.21452206,298481.593857339,CT,2429,4620600.0300000003,6415,0.6969400000,"24462",6617,"2466023",2554,"24","2466",Montr_al,0.6969400000,
5049117.30128335,295794.059175383,CT,1752,4620604.0199999996,4466,0.3408100000,"24462",4501,"2466023",1802,"24","2466",Montr_al,0.3408100000,
5032569.074325,292892.55341,CT,798,4620328.0000000000,1959,0.4426200000,"24462",1940,"2466023",860,"24","2466",Montr_al,0.4426200000,
5050650.9392566,298291.536395374,CT,1585,4620605.0099999998,3421,1.3506700000,"24462",3491,"2466023",1659,"24","2466",Montr_al,1.3506700000,
5050387.21733101,297154.949184556,CT,729,4620605.0199999996,1999,0.5780600000,"24462",1998,"2466023",748,"24","2466",Montr_al,0.5780600000,
5031178.7111142,295817.082474413,CT,1673,4620322.0199999996,3779,0.7763600000,"24462",3850,"2466023",1762,"24","2466",Montr_al,0.7763600000,
5031961.7057,294350.13037,CT,1454,4620325.0099999998,3670,0.3942100000,"24462",3715,"2466023",1555,"24","2466",Montr_al,0.3942100000,
5035256.14626483,289152.090658985,CT,1090,4620395.0099999998,2838,7.6453700000,"24462",2731,"2466023",1227,"24","2466",Montr_al,7.6453700000,
5033565.50836184,290008.39037371,CT,2802,4620395.0199999996,6267,0.6883800000,"24462",6451,"2466023",3078,"24","2466",Montr_al,0.6883800000,
5033746.338,289443.37033,CT,2346,4620395.0300000003,4567,0.6143200000,"24462",4590,"2466023",2480,"24","2466",Montr_al,0.6143200000,
5049348.77782557,299960.305260537,CT,2347,4620195.0199999996,5349,0.5999500000,"24462",5390,"2466023",2495,"24","2466",Montr_al,0.5999500000,
5043535.98755278,293441.9901409,CT,1484,4620223.0099999998,3955,0.1446500000,"24462",3883,"2466023",1661,"24","2466",Montr_al,0.1446500000,
5043371.41741646,293865.015224328,CT,1186,4620223.0199999996,3276,0.1952300000,"24462",3085,"2466023",1320,"24","2466",Montr_al,0.1952300000,
5039363.4512751,298466.204035528,CT,4223,4620065.0099999998,6762,0.1368500000,"24462",6883,"2466023",4887,"24","2466",Montr_al,0.1368500000,
5039023.0522631,298136.415608919,CT,2188,4620065.0199999996,2580,0.1452600000,"24462",3642,"2466023",2627,"24","2466",Montr_al,0.1452600000,
5039127.43971437,298794.898718344,CT,1584,4620066.0099999998,2778,0.2287400000,"24462",2939,"2466023",1927,"24","2466",Montr_al,0.2287400000,
5038808.29158927,298477.839045967,CT,1515,4620066.0199999996,1979,0.1805400000,"24462",2213,"2466023",1771,"24","2466",Montr_al,0.1805400000,
5046557.18813698,296740.530200141,CT,1529,4620251.0099999998,3775,0.4749700000,"24462",3822,"2466023",1613,"24","2466",Montr_al,0.4749700000,
5046827.22788106,296898.220398743,CT,1238,4620251.0199999996,2657,0.2363200000,"24462",2723,"2466023",1312,"24","2466",Montr_al,0.2363200000,
5053824.84561689,297681.355764853,CT,1001,4620290.0099999998,2245,1.2040800000,"24462",2655,"2466023",1021,"24","2466",Montr_al,1.2040800000,
5036782.8560325,292254.934569082,CT,1449,4620382.0099999998,3722,0.5811600000,"24462",3873,"2466058",1558,"24","2466",C_te-Saint-Luc,0.5811600000,
5054956.14917135,298765.567090197,CT,2227,4620290.0199999996,5934,1.7994800000,"24462",5738,"2466023",2283,"24","2466",Montr_al,1.7994800000,
5030916.08660304,294034.038671681,CT,2130,4620324.0099999998,4645,0.6898200000,"24462",4894,"2466023",2324,"24","2466",Montr_al,0.6898200000,
5031541.08568411,294434.389325488,CT,1148,4620324.0199999996,2698,0.6715400000,"24462",2806,"2466023",1281,"24","2466",Montr_al,0.6715400000,
5035533.14898548,291302.633747293,CT,1475,4620382.0199999996,4622,1.5619000000,"24462",4445,"2466058",1606,"24","2466",C_te-Saint-Luc,1.5619000000,
5033293.57301337,277344.11688274,CT,1886,4620462.0099999998,5084,2.3812500000,"24462",5085,"2466107",1930,"24","2466",Beaconsfield,2.3812500000,
5032691.06585852,274928.808076483,CT,1901,4620462.0199999996,6096,3.1849200000,"24462",5952,"2466107",1939,"24","2466",Beaconsfield,3.1849200000,
5034199.70908412,276878.995890974,CT,2563,4620470.0099999998,7531,3.5137200000,"24462",7159,"2466102",2615,"24","2466",Kirkland,3.5137200000,
5049020.65096956,298777.691566957,CT,1305,4620601.0099999998,3293,0.3211500000,"24462",3284,"2466023",1383,"24","2466",Montr_al,0.3211500000,
5048162.99433819,298284.146507305,CT,1985,4620601.0199999996,4085,0.4275000000,"24462",4466,"2466023",2078,"24","2466",Montr_al,0.4275000000,
5048809.0622,298035.768025,CT,1656,4620602.0099999998,3487,0.5393600000,"24462",3809,"2466023",1729,"24","2466",Montr_al,0.5393600000,
5048108.30455,297735.388995,CT,1164,4620602.0199999996,2733,0.6154000000,"24462",2880,"2466023",1216,"24","2466",Montr_al,0.6154000000,
5048979.59028666,296694.053794356,CT,1276,4620603.0300000003,3517,0.3558000000,"24462",3532,"2466023",1388,"24","2466",Montr_al,0.3558000000,
5049519.16659955,296406.482022219,CT,1207,4620604.0300000003,3007,0.4952300000,"24462",3040,"2466023",1284,"24","2466",Montr_al,0.4952300000,
5049651.1035,295473.46069,CT,1338,4620604.0400000000,3318,0.7600200000,"24462",3468,"2466023",1381,"24","2466",Montr_al,0.7600200000,
5051183.69332298,297534.517262538,CT,2355,4620605.0300000003,5856,1.0306800000,"24462",5911,"2466023",2491,"24","2466",Montr_al,1.0306800000,
5051461.26726243,296594.511258734,CT,1915,4620605.0400000000,4803,1.5836800000,"24462",4907,"2466023",1985,"24","2466",Montr_al,1.5836800000,
5039772.08729074,300385.799449754,CT,1290,4620070.0099999998,1220,0.2622200000,"24462",2002,"2466023",1672,"24","2466",Montr_al,0.2622200000,
5038993.34145,299935.44507,CT,911,4620069.0199999996,198,0.2593500000,"24462",1469,"2466023",1155,"24","2466",Montr_al,0.2593500000,
5039427.89815773,300168.760384753,CT,2034,4620070.0199999996,1332,0.3568400000,"24462",3334,"2466023",2334,"24","2466",Montr_al,0.3568400000,
5039481.3799318,299651.26115147,CT,1973,4620069.0099999998,3696,0.4351800000,"24462",3959,"2466023",2207,"24","2466",Montr_al,0.4351800000,
5043290.46557413,287711.420351989,CT,3056,4620287.0099999998,6158,0.5365800000,"24462",6641,"2466023",3354,"24","2466",Montr_al,0.5365800000,
5042922.88027035,286940.866014152,CT,1739,4620287.0199999996,4494,1.1068600000,"24462",4642,"2466023",1840,"24","2466",Montr_al,1.1068600000,
5056544.14526469,299432.256069995,CT,2445,4620290.0400000000,6731,2.8338500000,"24462",6889,"2466023",2538,"24","2466",Montr_al,2.8338500000,
5033104.12172087,294243.377038504,CT,1906,4620326.0300000003,4949,1.3194300000,"24462",4976,"2466023",2028,"24","2466",Montr_al,1.3194300000,
5051361.00379045,299225.507849833,CT,1330,4620594.0099999998,2766,0.4002400000,"24462",2704,"2466023",1365,"24","2466",Montr_al,0.4002400000,
5036342.54438808,291073.979683045,CT,1047,4620383.0099999998,3308,1.7254500000,"24462",3232,"2466058",1126,"24","2466",C_te-Saint-Luc,1.7254500000,
5037637.14960142,291688.789229552,CT,3844,4620383.0199999996,7650,1.5064200000,"24462",8002,"2466058",4008,"24","2466",C_te-Saint-Luc,1.5064200000,
5042167.471,291108.945,CT,2691,4620410.0199999996,5688,0.7636200000,"24462",5948,"2466023",2842,"24","2466",Montr_al,0.7636200000,
5036680.88922473,278038.666369107,CT,1318,4620522.0099999998,3731,1.2254100000,"24462",3557,"2466142",1336,"24","2466",Dollard-Des Ormeaux,1.2254100000,
5052968.473775,298991.50074,CT,3372,4620594.0199999996,7417,8.0194300000,"24462",7448,"2466023",3459,"24","2466",Montr_al,8.0194300000,
5053822.72399169,295425.806584227,CT,1621,4620610.0700000003,4515,0.5503700000,"24462",4301,"2466023",1718,"24","2466",Montr_al,0.5503700000,
5037473.41016896,277641.033963838,CT,1381,4620522.0199999996,3727,1.0867200000,"24462",3595,"2466142",1409,"24","2466",Dollard-Des Ormeaux,1.0867200000,
5036294.57869377,293161.670958452,CT,1823,4620101.0099999998,4089,0.3535400000,"24462",4016,"2466023",1970,"24","2466",Montr_al,0.3535400000,
5036858.74734179,293561.25480396,CT,1552,4620101.0199999996,3899,0.3587000000,"24462",3808,"2466023",1711,"24","2466",Montr_al,0.3587000000,
5039945.89991565,298280.478925814,CT,2221,4620129.0099999998,4108,0.2844400000,"24462",3835,"2466023",2933,"24","2466",Montr_al,0.2844400000,
5050114.87722692,300041.230701066,CT,2255,4620195.0300000003,4956,0.8864100000,"24462",4978,"2466023",2392,"24","2466",Montr_al,0.8864100000,
5056237.93786526,297853.454987101,CT,1494,4620290.0800000001,4152,1.1289600000,"24462",4076,"2466023",1551,"24","2466",Montr_al,1.1289600000,
5058056.27409337,305125.461767599,CT,2018,4620581.0099999998,5966,1.3142600000,"24462",5708,"2466023",2057,"24","2466",Montr_al,1.3142600000,
5058284.08578243,304505.64036735,CT,1529,4620581.0199999996,3317,0.6691900000,"24462",3495,"2466023",1574,"24","2466",Montr_al,0.6691900000,
5055109.61352273,297090.031512475,CT,1757,4620290.0899999999,5125,1.1120300000,"24462",4910,"2466023",1804,"24","2466",Montr_al,1.1120300000,
5059618.251525,305143.61734,CT,1868,4620580.0099999998,4171,1.1723900000,"24462",4260,"2466023",1975,"24","2466",Montr_al,1.1723900000,
5046410.05461857,301378.516165924,CT,4090,4620014.0099999998,6708,0.9007200000,"24462",7545,"2466023",4302,"24","2466",Montr_al,0.9007200000,
5039020.46606541,294016.812708526,CT,1855,4620112.0199999996,4283,0.2763300000,"24462",4087,"2466023",1953,"24","2466",Montr_al,0.2763300000,
5061183.71068885,305265.016370249,CT,1582,4620580.0199999996,2909,0.8054200000,"24462",3235,"2466023",1592,"24","2466",Montr_al,0.8054200000,
5040833.45440447,300579.9971128,CT,2824,4620055.0099999998,4531,0.7319200000,"24462",4758,"2466023",3660,"24","2466",Montr_al,0.7319200000,
5035534.84171401,295979.657397709,CT,5,4620094.0199999996,10,1.8858000000,"24462",5,"2466023",6,"24","2466",Montr_al,1.8858000000,
5047057.12591444,300998.176231438,CT,1,4620014.0199999996,10,0.8717700000,"24462",0,"2466023",4,"24","2466",Montr_al,0.8717700000,
5039400.54415718,293424.718304984,CT,1753,4620112.0099999998,5085,0.6306500000,"24462",5346,"2466023",1945,"24","2466",Montr_al,0.6306500000,
5039828.6587922,301318.679862208,CT,458,4620055.0199999996,775,1.3142300000,"24462",822,"2466023",531,"24","2466",Montr_al,1.3142300000,
5047993.23024186,300263.083028555,CT,2272,4620190.0199999996,3581,1.0432300000,"24462",4145,"2466023",2359,"24","2466",Montr_al,1.0432300000,
5053932.55747381,296413.565424441,CT,2357,4620290.0499999998,5778,2.2208300000,"24462",5100,"2466023",2450,"24","2466",Montr_al,2.2208300000,
5045029.15012115,300222.748759968,CT,1702,4620187.0099999998,2647,0.3649000000,"24462",3032,"2466023",1937,"24","2466",Montr_al,0.3649000000,
5039948.12524531,295336.926064138,CT,3252,4620127.0099999998,5339,0.4860000000,"24462",5554,"2466023",3780,"24","2466",Montr_al,0.4860000000,
5039823.21629042,296841.135846261,CT,3,4620127.0199999996,5,1.3203900000,"24462",5,"2466023",4,"24","2466",Montr_al,1.3203900000,
5038743.61660527,278347.402415611,CT,1471,4620521.0499999998,4818,1.3469700000,"24462",4882,"2466142",1492,"24","2466",Dollard-Des Ormeaux,1.3469700000,
5046022.34355266,294521.584051777,CT,2591,4620264.0199999996,5019,0.9123600000,"24462",5249,"2466023",2685,"24","2466",Montr_al,0.9123600000,
5046398.93831054,293643.685719318,CT,2330,4620264.0099999998,5464,1.2244900000,"24462",5530,"2466023",2433,"24","2466",Montr_al,1.2244900000,
5060724.7909,304458.77108,CT,767,4620585.0099999998,2019,3.4779600000,"24462",1995,"2466023",774,"24","2466",Montr_al,3.4779600000,
5057170.33304765,303233.531663078,CT,1718,4620585.0199999996,3968,5.6096700000,"24462",3900,"2466023",1793,"24","2466",Montr_al,5.6096700000,
5043765.315275,291311.499145,CT,2151,4620268.0199999996,3320,0.3028000000,"24462",5598,"2466023",2254,"24","2466",Montr_al,0.3028000000,
5044194.33906309,291299.088867653,CT,3137,4620268.0099999998,6048,0.5812200000,"24462",6777,"2466023",3262,"24","2466",Montr_al,0.5812200000,
5043706.39249116,292564.486767167,CT,0,4620268.0300000003,5,1.2819400000,"24462",0,"2466023",0,"24","2466",Montr_al,1.2819400000,
5039064.56400871,292311.200118703,CT,2686,4620120.0099999998,3500,2.6340200000,"24462",5690,"2466072",2913,"24","2466",Mont-Royal,2.6340200000,
5038761.38508928,292903.135821781,CT,450,4620120.0199999996,1079,0.1983200000,"24462",1029,"2466058",464,"24","2466",C_te-Saint-Luc,0.1983200000,
5033829.22305005,274195.007892871,CT,1579,4620470.0300000003,5486,2.4241700000,"24462",5156,"2466102",1599,"24","2466",Kirkland,2.4241700000,
5035507.52395818,280517.942387626,CT,1909,4620453.0099999998,5101,1.9750800000,"24462",5212,"2466097",1963,"24","2466",Pointe-Claire,1.9750800000,
5039613.23601979,278136.542216389,CT,1692,4620513.0199999996,3901,1.2478500000,"24462",4227,"2466023",1773,"24","2466",Montr_al,1.2478500000,
5035519.419,272237.748,CT,1946,4620515.0099999998,5514,9.1110000000,"24462",5975,"2466023",2040,"24","2466",Montr_al,9.1110000000,
5038712.03301687,281908.584837147,CT,1735,4620520.0400000000,4546,1.0600500000,"24462",4544,"2466142",1771,"24","2466",Dollard-Des Ormeaux,1.0600500000,
5036768.26498933,280389.672205321,CT,1755,4620453.0199999996,4446,6.6916300000,"24462",4979,"2466097",1834,"24","2466",Pointe-Claire,6.6916300000,
5042230.38972421,292207.486075069,CT,628,4620410.0300000003,1890,2.2065700000,"24462",1905,"2466023",665,"24","2466",Montr_al,2.2065700000,
5042538.6136824,289127.136005723,CT,1779,4620417.0099999998,4250,0.6681000000,"24462",4804,"2466023",1874,"24","2466",Montr_al,0.6681000000,
5040449.80830229,278893.031775522,CT,1808,4620513.0099999998,5183,1.0855200000,"24462",5229,"2466023",1849,"24","2466",Montr_al,1.0855200000,
5061453.68070601,305885.661426321,CT,1563,4620580.0300000003,4026,1.0809700000,"24462",3879,"2466023",1598,"24","2466",Montr_al,1.0809700000,
5035581.17982306,274521.392044684,CT,1511,4620515.0199999996,4526,0.9320700000,"24462",4551,"2466023",1529,"24","2466",Montr_al,0.9320700000,
5035689.979575,275520.45748,CT,1170,4620515.0300000003,3503,0.9665600000,"24462",3328,"2466023",1212,"24","2466",Montr_al,0.9665600000,
5036150.76939277,274961.514135613,CT,1293,4620515.0400000000,3715,0.8347200000,"24462",3655,"2466023",1341,"24","2466",Montr_al,0.8347200000,
5039410.91975,282797.5249,CT,1285,4620520.0300000003,3852,1.4845800000,"24462",3655,"2466142",1361,"24","2466",Dollard-Des Ormeaux,1.4845800000,
5041616.49229371,279007.075509129,CT,1302,4620512.0300000003,2213,0.6858900000,"24462",2512,"2466023",1320,"24","2466",Montr_al,0.6858900000,
5041088.92877599,278614.93591868,CT,2416,4620512.0400000000,6598,1.7700000000,"24462",6674,"2466023",2475,"24","2466",Montr_al,1.7700000000,
5031805.42605811,296718.418417033,CT,2361,4620322.0300000003,4650,0.7537500000,"24462",4751,"2466023",2499,"24","2466",Montr_al,0.7537500000,
5034760.43006662,275830.583304805,CT,1215,4620470.0400000000,3838,1.5748000000,"24462",3642,"2466102",1226,"24","2466",Kirkland,1.5748000000,
5035671.75364932,277076.916336131,CT,1325,4620470.0499999998,4398,2.1214900000,"24462",4194,"2466102",1339,"24","2466",Kirkland,2.1214900000,
5043112.60143614,291291.726645265,CT,2779,4620421.0199999996,7235,0.5571900000,"24462",7501,"2466023",2991,"24","2466",Montr_al,0.5571900000,
5057527.15257257,299934.39439886,CT,1367,4620291.0099999998,4016,0.9817900000,"24462",3923,"2466023",1393,"24","2466",Montr_al,0.9817900000,
5043384.42541271,291033.31218904,CT,2956,4620421.0099999998,7628,0.4147800000,"24462",7897,"2466023",3191,"24","2466",Montr_al,0.4147800000,
5039570.00094281,279695.114308747,CT,1743,4620521.0400000000,5052,1.4021900000,"24462",4983,"2466142",1814,"24","2466",Dollard-Des Ormeaux,1.4021900000,
5038880.89893665,279991.20339124,CT,1848,4620521.0599999996,5121,2.1890800000,"24462",5029,"2466142",1876,"24","2466",Dollard-Des Ormeaux,2.1890800000,
5037781.68094279,280088.7475991,CT,1261,4620521.0700000003,4454,2.0587100000,"24462",4291,"2466142",1269,"24","2466",Dollard-Des Ormeaux,2.0587100000,
5047304.39760222,298378.871240506,CT,2278,4620200.0000000000,4380,0.3070500000,"24462",4667,"2466023",2396,"24","2466",Montr_al,0.3070500000,
5045396.53786023,296056.540585357,CT,1808,4620243.0000000000,4005,0.2548600000,"24462",3946,"2466023",1909,"24","2466",Montr_al,0.2548600000,
5045737.3091699,292454.16600624,CT,2403,4620270.0000000000,4369,0.6789600000,"24462",4529,"2466023",2548,"24","2466",Montr_al,0.6789600000,
5044989.49715206,301126.096092468,CT,923,4620027.0000000000,1620,0.0949600000,"24462",1650,"2466023",982,"24","2466",Montr_al,0.0949600000,
5037426.06498431,294882.961142122,CT,1550,4620105.0000000000,3329,0.3033300000,"24462",3342,"2466023",1694,"24","2466",Montr_al,0.3033300000,
5048936.05086319,301682.692257911,CT,1315,4620012.0099999998,2416,0.2377600000,"24462",2502,"2466023",1370,"24","2466",Montr_al,0.2377600000,
5050266.3097531,295844.209321962,CT,1865,4620604.0499999998,4686,0.5898500000,"24462",5229,"2466023",1921,"24","2466",Montr_al,0.5898500000,
5053241.05031012,295791.646515888,CT,1919,4620610.0499999998,4293,0.3850600000,"24462",4406,"2466023",2193,"24","2466",Montr_al,0.3850600000,
5036128.39263291,294447.390875623,CT,2622,4620099.0000000000,5724,0.6915000000,"24462",5627,"2466023",2782,"24","2466",Montr_al,0.6915000000,
5052934.22675171,296019.533876414,CT,1069,4620610.0599999996,2778,0.3429200000,"24462",2792,"2466023",1163,"24","2466",Montr_al,0.3429200000,
5038138.77370192,298948.771326835,CT,2048,4620078.0000000000,3828,0.3725500000,"24462",4013,"2466023",2199,"24","2466",Montr_al,0.3725500000,
5042450.4969131,299341.623486032,CT,2045,4620144.0000000000,3336,0.1910800000,"24462",3512,"2466023",2280,"24","2466",Montr_al,0.1910800000,
5042868.179,299540.162,CT,0,4620145.0000000000,0,0.4395600000,"24462",0,"2466023",0,"24","2466",Montr_al,0.4395600000,
5043135.53317234,298904.390530458,CT,1427,4620146.0000000000,2293,0.1414600000,"24462",2391,"2466023",1529,"24","2466",Montr_al,0.1414600000,
5043383.17587771,299069.973369855,CT,1519,4620147.0000000000,2638,0.1682400000,"24462",2749,"2466023",1670,"24","2466",Montr_al,0.1682400000,
5043675.0767194,299237.144915129,CT,472,4620148.0000000000,1222,0.1425600000,"24462",1306,"2466023",502,"24","2466",Montr_al,0.1425600000,
5043770.67690444,299805.403637634,CT,1375,4620150.0000000000,2433,0.1646400000,"24462",2474,"2466023",1516,"24","2466",Montr_al,0.1646400000,
5043884.28241688,299405.671590252,CT,1126,4620151.0000000000,2123,0.1170700000,"24462",2215,"2466023",1172,"24","2466",Montr_al,0.1170700000,
5044167.69574214,299597.85113015,CT,863,4620152.0000000000,1547,0.1364200000,"24462",1525,"2466023",935,"24","2466",Montr_al,0.1364200000,
5044336.91479741,299734.461683621,CT,431,4620153.0000000000,843,0.2797800000,"24462",785,"2466023",496,"24","2466",Montr_al,0.2797800000,
5044365.1143109,299173.001172312,CT,615,4620154.0000000000,616,0.1243900000,"24462",1144,"2466023",635,"24","2466",Montr_al,0.1243900000,
5044112.6534375,298997.406182036,CT,1005,4620155.0000000000,1707,0.1059500000,"24462",1753,"2466023",1074,"24","2466",Montr_al,0.1059500000,
5043924.78068043,298870.439528004,CT,1078,4620156.0000000000,1902,0.1376700000,"24462",1923,"2466023",1155,"24","2466",Montr_al,0.1376700000,
5043639.49543152,298681.578881417,CT,1120,4620157.0000000000,2099,0.1611400000,"24462",2132,"2466023",1209,"24","2466",Montr_al,0.1611400000,
5043390.15477218,298515.436306889,CT,1189,4620158.0000000000,2044,0.1382000000,"24462",2021,"2466023",1299,"24","2466",Montr_al,0.1382000000,
5043138.70473827,298349.559609337,CT,963,4620159.0000000000,1805,0.1239000000,"24462",1942,"2466023",1026,"24","2466",Montr_al,0.1239000000,
5042910.27835434,298201.623186571,CT,1028,4620160.0000000000,1707,0.1202000000,"24462",1749,"2466023",1113,"24","2466",Montr_al,0.1202000000,
5042550.45653642,298083.280166858,CT,993,4620161.0000000000,1807,0.1391200000,"24462",1934,"2466023",1088,"24","2466",Montr_al,0.1391200000,
5042659.99256465,297882.90136929,CT,918,4620162.0000000000,1598,0.0933400000,"24462",1574,"2466023",996,"24","2466",Montr_al,0.0933400000,
5037730.60489042,297964.04237768,CT,2111,4620081.0000000000,2997,0.2629700000,"24462",3501,"2466023",2272,"24","2466",Montr_al,0.2629700000,
5043900.42262452,295968.700496567,CT,1684,4620218.0000000000,2865,0.2801900000,"24462",3042,"2466023",1831,"24","2466",Montr_al,0.2801900000,
5037198.31801877,297537.036902794,CT,1098,4620082.0000000000,1954,0.3000000000,"24462",2226,"2466023",1201,"24","2466",Montr_al,0.3000000000,
5051301.83032338,302878.638723783,CT,1603,4620004.0000000000,3261,0.4482800000,"24462",3176,"2466023",1704,"24","2466",Montr_al,0.4482800000,
5044544.56525123,301287.026578866,CT,1446,4620024.0000000000,2601,0.2761000000,"24462",2647,"2466023",1509,"24","2466",Montr_al,0.2761000000,
5045239.4885282,301575.827279073,CT,1511,4620025.0000000000,3079,0.2232800000,"24462",3016,"2466023",1650,"24","2466",Montr_al,0.2232800000,
5045396.62395471,301311.482706023,CT,1498,4620026.0000000000,2300,0.1747800000,"24462",2581,"2466023",1589,"24","2466",Montr_al,0.1747800000,
5044627.34604021,300963.546442914,CT,1152,4620028.0000000000,1974,0.1577000000,"24462",2077,"2466023",1218,"24","2466",Montr_al,0.1577000000,
5036909.03664116,297971.589676126,CT,1771,4620083.0000000000,3248,0.4128800000,"24462",3339,"2466023",1931,"24","2466",Montr_al,0.4128800000,
5043603.0329403,294156.460796653,CT,2395,4620224.0000000000,6139,0.3786600000,"24462",5937,"2466023",2608,"24","2466",Montr_al,0.3786600000,
5048657.38109933,299472.948901464,CT,1609,4620195.0099999998,3336,0.5512600000,"24462",3479,"2466023",1720,"24","2466",Montr_al,0.5512600000,
5035379.12962175,297589.163428535,CT,1850,4620088.0000000000,3544,0.3377300000,"24462",3542,"2466023",1981,"24","2466",Montr_al,0.3377300000,
5034736.212434,297803.629557784,CT,2412,4620089.0000000000,4937,0.5259500000,"24462",4888,"2466023",2562,"24","2466",Montr_al,0.5259500000,
5034251.28180516,297160.789969215,CT,2149,4620090.0000000000,4513,0.4355900000,"24462",4593,"2466023",2269,"24","2466",Montr_al,0.4355900000,
5045098.89316385,300871.935454676,CT,2003,4620029.0000000000,3721,0.4014600000,"24462",3679,"2466023",2096,"24","2466",Montr_al,0.4014600000,
5045664.57230522,300725.536148017,CT,1798,4620030.0000000000,3191,0.3017300000,"24462",3131,"2466023",1957,"24","2466",Montr_al,0.3017300000,
5044838.19347175,300467.888605786,CT,1516,4620031.0000000000,2619,0.2570200000,"24462",2659,"2466023",1636,"24","2466",Montr_al,0.2570200000,
5044161.42349338,300195.997281364,CT,967,4620032.0000000000,1524,0.1233200000,"24462",1609,"2466023",1040,"24","2466",Montr_al,0.1233200000,
5033873.465925,296688.94643,CT,1,4620091.0000000000,0,1.0635600000,"24462",5,"2466023",1,"24","2466",Montr_al,1.0635600000,
5044175.45699271,293992.5973023,CT,639,4620225.0000000000,1394,0.6509800000,"24462",1400,"2466023",692,"24","2466",Montr_al,0.6509800000,
5034782.14818484,297027.471166649,CT,2797,4620092.0000000000,5998,0.5584600000,"24462",6124,"2466023",2937,"24","2466",Montr_al,0.5584600000,
5043970.14589595,295420.209876909,CT,2059,4620232.0000000000,3217,0.3644800000,"24462",3737,"2466023",2250,"24","2466",Montr_al,0.3644800000,
5044479.46235656,295557.343885329,CT,1162,4620233.0000000000,2042,0.1038900000,"24462",2017,"2466023",1246,"24","2466",Montr_al,0.1038900000,
5035363.20865837,296718.272006953,CT,1539,4620093.0000000000,3161,0.7353200000,"24462",3242,"2466023",1679,"24","2466",Montr_al,0.7353200000,
5044680.87785568,295591.095683322,CT,1245,4620234.0000000000,2226,0.1493100000,"24462",2188,"2466023",1306,"24","2466",Montr_al,0.1493100000,
5044800.77775659,295143.178216433,CT,1034,4620235.0000000000,1808,0.1167100000,"24462",1972,"2466023",1068,"24","2466",Montr_al,0.1167100000,
5045025.70737687,294403.315063841,CT,1740,4620237.0000000000,3056,0.2180700000,"24462",3435,"2466023",1819,"24","2466",Montr_al,0.2180700000,
5045266.42381753,294535.335629701,CT,1216,4620238.0000000000,2333,0.1631100000,"24462",2358,"2466023",1295,"24","2466",Montr_al,0.1631100000,
5042592.90287619,297087.889433649,CT,973,4620169.0000000000,2105,0.1472600000,"24462",2216,"2466023",1042,"24","2466",Montr_al,0.1472600000,
5042709.62098672,297203.012307837,CT,1044,4620170.0000000000,2114,0.1580300000,"24462",2111,"2466023",1168,"24","2466",Montr_al,0.1580300000,
5037363.54983277,295842.056430045,CT,801,4620107.0000000000,1455,0.1552400000,"24462",1544,"2466023",883,"24","2466",Montr_al,0.1552400000,
5044373.75128459,298606.328354296,CT,1323,4620178.0000000000,2297,0.2799700000,"24462",2353,"2466023",1422,"24","2466",Montr_al,0.2799700000,
5037714.64054683,295839.326932555,CT,1629,4620108.0000000000,4168,0.5640200000,"24462",4107,"2466023",1755,"24","2466",Montr_al,0.5640200000,
5044749.05078783,294118.243087632,CT,1595,4620226.0000000000,3030,0.2448200000,"24462",3143,"2466023",1681,"24","2466",Montr_al,0.2448200000,
5038154.30634138,295150.401660998,CT,1055,4620109.0000000000,2075,0.1668000000,"24462",2120,"2466023",1137,"24","2466",Montr_al,0.1668000000,
5044591.07952663,294502.687794721,CT,779,4620227.0000000000,1551,0.1159500000,"24462",1592,"2466023",820,"24","2466",Montr_al,0.1159500000,
5044491.23398275,294745.795156661,CT,794,4620228.0000000000,1733,0.1128800000,"24462",1721,"2466023",830,"24","2466",Montr_al,0.1128800000,
5044193.34929037,294883.76107524,CT,0,4620229.0000000000,0,0.4730000000,"24462",0,"2466023",0,"24","2466",Montr_al,0.4730000000,
5044391.58124812,294987.791227845,CT,948,4620230.0000000000,1834,0.1151100000,"24462",1880,"2466023",988,"24","2466",Montr_al,0.1151100000,
5044296.02935183,295218.965343125,CT,876,4620231.0000000000,1631,0.1034800000,"24462",1688,"2466023",926,"24","2466",Montr_al,0.1034800000,
5041426.81964337,295173.974249823,CT,2617,4620125.0000000000,6340,0.4758800000,"24462",6272,"2466023",2866,"24","2466",Montr_al,0.4758800000,
5040825.71723077,298836.837226561,CT,2026,4620130.0000000000,2974,0.1535100000,"24462",2946,"2466023",2791,"24","2466",Montr_al,0.1535100000,
5041041.66710667,298931.280702992,CT,2067,4620131.0000000000,3084,0.1046200000,"24462",3137,"2466023",2672,"24","2466",Montr_al,0.1046200000,
5041280.8936837,299031.144392299,CT,3061,4620132.0000000000,4903,0.2671100000,"24462",4865,"2466023",3801,"24","2466",Montr_al,0.2671100000,
5041680.5314083,299205.040923995,CT,1450,4620133.0000000000,2387,0.1455200000,"24462",2508,"2466023",1737,"24","2466",Montr_al,0.1455200000,
5041917.39439709,299300.511340153,CT,617,4620134.0000000000,913,0.0860400000,"24462",1057,"2466023",745,"24","2466",Montr_al,0.0860400000,
5042207.63716799,298901.43522458,CT,856,4620135.0000000000,1591,0.1204400000,"24462",1758,"2466023",974,"24","2466",Montr_al,0.1204400000,
5041951.72315982,298738.310161707,CT,1479,4620136.0000000000,2729,0.1815600000,"24462",2774,"2466023",1691,"24","2466",Montr_al,0.1815600000,
5041649.88108646,298686.137847216,CT,629,4620137.0000000000,1077,0.1823100000,"24462",1165,"2466023",734,"24","2466",Montr_al,0.1823100000,
5041876.51467746,298201.73115253,CT,1030,4620138.0000000000,2036,0.2786800000,"24462",1994,"2466023",1216,"24","2466",Montr_al,0.2786800000,
5045483.44911803,297286.668724668,CT,1352,4620206.0000000000,2539,0.2321600000,"24462",2564,"2466023",1445,"24","2466",Montr_al,0.2321600000,
5043996.82216503,300684.104755959,CT,1354,4620034.0000000000,2519,0.2136300000,"24462",2559,"2466023",1458,"24","2466",Montr_al,0.2136300000,
5043683.6268442,300291.574972487,CT,1124,4620035.0000000000,2000,0.1814500000,"24462",2002,"2466023",1203,"24","2466",Montr_al,0.1814500000,
5043446.22236629,300174.008268007,CT,1195,4620036.0000000000,2033,0.1856600000,"24462",2074,"2466023",1310,"24","2466",Montr_al,0.1856600000,
5045097.05372558,295906.896426249,CT,1086,4620244.0000000000,2109,0.1757000000,"24462",2142,"2466023",1128,"24","2466",Montr_al,0.1757000000,
5048427.37097074,296319.297855892,CT,1802,4620258.0000000000,4892,0.3957100000,"24462",5162,"2466023",1892,"24","2466",Montr_al,0.3957100000,
5054386.707225,296826.359545,CT,1734,4620290.0300000003,4167,0.6390000000,"24462",4171,"2466023",1778,"24","2466",Montr_al,0.6390000000,
5040430.0751595,298637.861533486,CT,2112,4620129.0199999996,3710,0.3587900000,"24462",3438,"2466023",2982,"24","2466",Montr_al,0.3587900000,
5041774.60564052,289648.463621321,CT,873,4620417.0199999996,3044,0.3612100000,"24462",2857,"2466023",954,"24","2466",Montr_al,0.3612100000,
5043648.08246092,297000.58874616,CT,1633,4620215.0000000000,2378,0.2340300000,"24462",3031,"2466023",1745,"24","2466",Montr_al,0.2340300000,
5037871.93764568,294822.526495168,CT,1949,4620110.0000000000,3748,0.2455600000,"24462",3836,"2466023",2130,"24","2466",Montr_al,0.2455600000,
5041957.65345269,299841.762586537,CT,823,4620051.0000000000,1349,0.2139500000,"24462",1463,"2466023",960,"24","2466",Montr_al,0.2139500000,
5041972.75414239,300042.277893076,CT,1105,4620052.0000000000,1911,0.1392500000,"24462",1959,"2466023",1218,"24","2466",Montr_al,0.1392500000,
5041668.54481788,300288.671958138,CT,747,4620053.0000000000,1008,0.1078600000,"24462",1088,"2466023",903,"24","2466",Montr_al,0.1078600000,
5041525.25813087,300508.67622869,CT,685,4620054.0000000000,1082,0.1503800000,"24462",1406,"2466023",813,"24","2466",Montr_al,0.1503800000,
5035524.14176057,293222.891599085,CT,2245,4620098.0000000000,5440,1.0373000000,"24462",5332,"2466023",2428,"24","2466",Montr_al,1.0373000000,
5038460.9630355,293845.649607307,CT,2835,4620111.0000000000,6746,0.7497300000,"24462",6542,"2466023",3198,"24","2466",Montr_al,0.7497300000,
5046560.86998141,302087.268935949,CT,2206,4620015.0000000000,4043,0.3769200000,"24462",4103,"2466023",2339,"24","2466",Montr_al,0.3769200000,
5053191.98808438,294952.7756005,CT,2198,4620610.0300000003,5203,0.7856000000,"24462",5297,"2466023",2306,"24","2466",Montr_al,0.7856000000,
5038719.80338789,295417.398048516,CT,862,4620115.0099999998,2033,0.2188600000,"24462",2005,"2466023",985,"24","2466",Montr_al,0.2188600000,
5049714.37766529,297762.719395249,CT,848,4620605.0499999998,2098,0.5743400000,"24462",2172,"2466023",882,"24","2466",Montr_al,0.5743400000,
5035889.04265769,295440.740588087,CT,2960,4620094.0099999998,6120,1.7928800000,"24462",6102,"2466023",3403,"24","2466",Montr_al,1.7928800000,
5048604.39169918,300689.549947551,CT,1809,4620190.0099999998,3431,0.4538000000,"24462",3599,"2466023",1925,"24","2466",Montr_al,0.4538000000,
5042432.98347645,287234.99782289,CT,1414,4620416.0099999998,4077,0.8531500000,"24462",4050,"2466023",1446,"24","2466",Montr_al,0.8531500000,
5041961.58710487,287539.107843218,CT,1073,4620416.0199999996,3108,1.0397700000,"24462",3067,"2466023",1177,"24","2466",Montr_al,1.0397700000,
5041163.02649018,290869.191334607,CT,2545,4620418.0000000000,5549,1.3022200000,"24462",5907,"2466023",2693,"24","2466",Montr_al,1.3022200000,
5042033.47225,289936.309945,CT,1652,4620419.0000000000,5029,0.3788700000,"24462",4746,"2466023",1855,"24","2466",Montr_al,0.3788700000,
5038485.38650974,287999.250162882,CT,2931,4620415.0599999996,5843,17.9650500000,"24462",7683,"2466023",3154,"24","2466",Montr_al,17.9650500000,
5039777.80759242,281645.300001235,CT,2449,4620520.0199999996,7162,1.6203400000,"24462",7081,"2466142",2520,"24","2466",Dollard-Des Ormeaux,1.6203400000,
5050419.92956456,296406.697433991,CT,1138,4620604.0099999998,3205,0.9331000000,"24462",3241,"2466023",1187,"24","2466",Montr_al,0.9331000000,
5039200.9546,295807.088705,CT,3421,4620115.0199999996,5954,0.4271200000,"24462",5866,"2466023",3921,"24","2466",Montr_al,0.4271200000,
5046067.66331721,300186.815800301,CT,1407,4620188.0199999996,2564,0.2286800000,"24462",2671,"2466023",1530,"24","2466",Montr_al,0.2286800000,
5055339.54333145,297894.77399246,CT,1982,4620290.0599999996,5700,0.8961100000,"24462",5381,"2466023",2059,"24","2466",Montr_al,0.8961100000,
5056012.35302776,298613.235572205,CT,1573,4620290.0700000003,4007,0.5826800000,"24462",4121,"2466023",1595,"24","2466",Montr_al,0.5826800000,
5040309.53506913,289050.282669098,CT,1913,4620415.0300000003,4145,0.2553800000,"24462",4193,"2466023",2028,"24","2466",Montr_al,0.2553800000,
5040881.40217627,289584.340877225,CT,1980,4620415.0400000000,4788,0.4771500000,"24462",4748,"2466023",2153,"24","2466",Montr_al,0.4771500000,
5031366.07660819,296415.120410098,CT,1377,4620322.0400000000,3478,0.4561300000,"24462",3345,"2466023",1470,"24","2466",Montr_al,0.4561300000,
5041051.8025253,299496.469042436,CT,396,4620061.0000000000,607,0.2169700000,"24462",699,"2466023",496,"24","2466",Montr_al,0.2169700000,
5044865.30847897,297582.638165299,CT,1292,4620208.0000000000,2456,0.1992300000,"24462",2465,"2466023",1408,"24","2466",Montr_al,0.1992300000,
5046327.51968927,299617.233556659,CT,1150,4620188.0099999998,2108,0.1513600000,"24462",2186,"2466023",1233,"24","2466",Montr_al,0.1513600000,
